{"type": "FeatureCollection", "features": [{"type": "Feature", "properties": {"level": 1, "state": "Benue", "name": "Benue"}, "geometry": {"type": "Polygon", "coordinates": [[[9.467408519587536, 6.401266129328462], [9.46852874840306, 6.404299735944107], [9.525276184448387, 6.429721832696487], [9.594444275083276, 6.497776985319661], [9.59801375982721, 6.499882084190858], [9.606478690639108, 6.571820736937525], [9.622298241170938, 6.664106369313515], [9.636141777021464, 6.712885856996763], [9.64602947218242, 6.738594055071644], [9.64866638244763, 6.799238681619897], [9.64141464157251, 6.866475581582847], [9.645699501031174, 6.894820213282287], [9.689206123264, 6.986446856637144], [9.699752808345465, 7.011495589949561], [9.737985610947248, 7.078073026049367], [9.761715888677372, 7.101144313859038], [9.824008941959164, 7.172336103028783], [9.83455562614131, 7.199362754887261], [9.835214615162386, 7.217160702404556], [9.828622818388396, 7.236277102806071], [9.824958801407604, 7.254598140991448], [9.828292847237151, 7.257370948710388], [9.840817450864733, 7.279782772656858], [9.855978965656789, 7.325266361053764], [9.865207671796668, 7.362840176433053], [9.882676124803368, 7.414256095942108], [9.888607979274866, 7.46171760558309], [9.884653090967447, 7.507860184799711], [9.870810509297598, 7.540160178749318], [9.845761299344531, 7.574437618201557], [9.816366195643468, 7.597847462090726], [9.808517456015807, 7.606078624928671], [9.74721336380577, 7.654858111712542], [9.701729773610225, 7.710229397069043], [9.669429778761355, 7.76296377216039], [9.643062591665341, 7.7998781200792], [9.60153484305863, 7.829541205562236], [9.56132412011209, 7.838776200661187], [9.499361037981544, 7.842724800009535], [9.386640548722369, 7.844702721253611], [9.314789772330187, 7.834815025193279], [9.272602081420985, 7.822949408788247], [9.22514152506136, 7.818335056617627], [9.19020461994728, 7.810424805160665], [9.130218505779453, 7.788012981214138], [9.12033081061844, 7.79328632420453], [9.115716934189209, 7.808447360557295], [9.124285698026597, 7.826904773736373], [9.140106200940465, 7.848657607762448], [9.149993896101478, 7.859863757606377], [9.162518500628323, 7.869092463746256], [9.17217063906378, 7.88663101171187], [9.17823123868078, 7.888528824046034], [9.18183803629637, 7.891685009155879], [9.183191299239127, 7.895742893220017], [9.179125786226109, 7.90808343889961], [9.1457662578066, 7.970141887837883], [9.132690430019352, 7.991333961293321], [9.114654540774495, 8.008017539977516], [9.062466620738007, 8.074473382340784], [9.057020187032037, 8.077641487065023], [9.025375366280173, 8.062576294160692], [8.964084069624164, 8.061274176562051], [8.910846710007718, 8.056263923941003], [8.780536652444596, 8.075201987881485], [8.696668624957113, 8.096394538876893], [8.637149811114966, 8.116233826030282], [8.588001250657214, 8.128858565570397], [8.560496330341437, 8.140131949629847], [8.52442455275093, 8.157265663279759], [8.503683090002653, 8.158167838874704], [8.466258048570126, 8.139229774934222], [8.42657852188131, 8.11217594106688], [8.390913337680445, 8.078293828297603], [8.371117592103246, 8.04634380282431], [8.363452911322838, 8.016584396352869], [8.360296248672967, 7.987276077229239], [8.360296248672967, 7.962283598309455], [8.344406738979842, 7.973415652110702], [8.339716166567882, 7.960989481979084], [8.347916116635531, 7.928151386777131], [8.373993544866266, 7.899226581741402], [8.389026786656927, 7.892634644673137], [8.39110648507625, 7.890456929144023], [8.39187894425794, 7.878803006853332], [8.398474556855376, 7.857377767969638], [8.401506974567269, 7.838208151984702], [8.405991763209329, 7.829635437425566], [8.406704139584406, 7.817674504574768], [8.410270257266632, 7.808094352372507], [8.415759319736878, 7.79995769119455], [8.41546965170312, 7.792048194268773], [8.420060107987638, 7.782645516077764], [8.418978880970656, 7.778193068855103], [8.420590565901932, 7.77424471142433], [8.41199397973844, 7.768508910957507], [8.403155326657043, 7.766182899021601], [8.372159004334605, 7.770002364717413], [8.345472335779732, 7.784325123205917], [8.274763106632122, 7.814562320594689], [8.215219497581813, 7.834565163851266], [8.183121681120724, 7.853172779100532], [8.180357933172104, 7.852580546754893], [8.159862517741033, 7.859685422044663], [8.11380863236252, 7.863872051254191], [8.095201491955322, 7.868988991348942], [8.072406769057181, 7.877362251566694], [7.994720935822556, 7.922950745880257], [7.972856997752274, 7.939232349193617], [7.903079032771188, 7.969004153718743], [7.877028942132029, 7.983425139758424], [7.867259979064841, 7.986216068816589], [7.838418006985478, 7.985285758830742], [7.760732173750853, 8.003428458756389], [7.697466849915259, 8.013662338046515], [7.676837921133199, 8.014471054295768], [7.664317608171132, 7.935101986067878], [7.663638114607352, 7.905889033751976], [7.669752598004038, 7.884828567984073], [7.692851066923254, 7.838631152605672], [7.744690417828565, 7.768656730723592], [7.752635479343951, 7.744198798935486], [7.754673958236651, 7.647728443912627], [7.752448082213277, 7.647782803433699], [7.752448081313958, 7.63973120463146], [7.732554110883541, 7.63901335498241], [7.72425571113223, 7.620496190846552], [7.72625829898135, 7.614466453264242], [7.731815974327787, 7.612703556324107], [7.736204634436376, 7.59938117220338], [7.737766889930072, 7.567204043631762], [7.737407710597438, 7.539083313444223], [7.755783081324182, 7.530394076425523], [7.754532336598118, 7.512884140390838], [7.758578387382727, 7.492455959175231], [7.760786058429915, 7.451600075183364], [7.76412105574218, 7.433673383419944], [7.768290042951151, 7.427002906758787], [7.776211261640469, 7.419498920438855], [7.792887211375728, 7.414913176601885], [7.79218887971308, 7.409864057979917], [7.799378785003, 7.401134003431537], [7.800116631977005, 7.391777473052002], [7.797122582041595, 7.375952186644156], [7.802608319718217, 7.36428830705978], [7.76869506882241, 7.301886573406705], [7.779129505022695, 7.300683022403632], [7.801155285088385, 7.292601656041654], [7.794219444571752, 7.268652196441735], [7.797056197685436, 7.233145237163001], [7.789968967094183, 7.216886044055741], [7.784870359679417, 7.214988727247999], [7.779389874043488, 7.208916560550904], [7.767755885225995, 7.206273519607294], [7.729324444867302, 7.192704225719467], [7.718049202808515, 7.183600029817569], [7.710073687550675, 7.183112262720783], [7.702966018966663, 7.188963582903057], [7.691022244281214, 7.191829895833052], [7.68192339305017, 7.185449448733095], [7.672369009122519, 7.173702678635777], [7.643081219722546, 7.158281663567948], [7.635451450623975, 7.147128481993889], [7.637383938118319, 7.132672786619878], [7.629879950899067, 7.124751567930559], [7.618623733998163, 7.10807561909462], [7.601947784262904, 7.09056615790189], [7.599446296609358, 7.079309940101723], [7.603615282919009, 7.053045273920304], [7.611119270138261, 7.027197360769605], [7.607784271027356, 7.017608643424182], [7.601113796164782, 7.016357899597438], [7.5931925765762, 7.018025874894249], [7.580685615848552, 7.027197360769605], [7.543581963336976, 7.04012107812531], [7.530513762700025, 7.032278060883868], [7.538271427084737, 7.020157814031961], [7.549300193748991, 6.991011142650166], [7.557177544408205, 6.977619170788159], [7.564267159102144, 6.952411174735971], [7.57135725043679, 6.939806938839183], [7.577659130064831, 6.932717323245924], [7.620197773308632, 6.919325352283238], [7.635952950368392, 6.903570175223479], [7.658010006156928, 6.868121146673616], [7.674552917383267, 6.855517387417535], [7.691748447732721, 6.851578296601133], [7.711925623668662, 6.860918930564253], [7.71375657410664, 6.871025968573633], [7.719094670082995, 6.872472403078973], [7.737623294279672, 6.870358495348341], [7.750177383079802, 6.87836217917129], [7.762781619875909, 6.879937649303145], [7.785626410730345, 6.872848033709829], [7.791776023444754, 6.889339760921303], [7.818617992326551, 6.891946633830116], [7.833513654931267, 6.886397394124515], [7.839559538941614, 6.880725384369043], [7.863614081624632, 6.879937649303145], [7.874642371648179, 6.868908881739571], [7.876217841780033, 6.86339473717743], [7.888034344409505, 6.853941917285681], [7.890397548707938, 6.843700885687383], [7.88645887427765, 6.794072628648962], [7.890003680725329, 6.785407066283142], [7.900244713223003, 6.786194801349041], [7.903395652587335, 6.781468390953535], [7.894730091120834, 6.774378777158915], [7.888428210593474, 6.766500949858994], [7.878187655635827, 6.760199071130273], [7.874870689730585, 6.741040402592546], [7.868490374830969, 6.724916363199668], [7.855954642992401, 6.70009679423174], [7.830824604671818, 6.66194412302292], [7.813979306299984, 6.650145169763846], [7.811020853329751, 6.645724790566703], [7.817716096420781, 6.637506170573374], [7.821776867308643, 6.638922690929519], [7.831766604944903, 6.638468741938937], [7.833582878447146, 6.619396687107496], [7.844027041714639, 6.608498573050781], [7.846200968400012, 6.598260794300245], [7.85583353039317, 6.580799103296044], [7.878084183238514, 6.561727046665908], [7.899586254801875, 6.555954884810149], [7.925299468395792, 6.543769981199716], [7.944760342415918, 6.540019822656745], [7.950778277295683, 6.543111689153193], [7.954186256390642, 6.551826136866794], [7.955248691174233, 6.583411748053777], [7.959155246317607, 6.590753583011519], [7.973248238815245, 6.596771270577733], [7.987066268993146, 6.611223221174782], [7.988428592605487, 6.618034840135806], [7.987066268993146, 6.633473873120806], [7.978288213130554, 6.647921513267249], [7.978831892877622, 6.667121526337439], [7.974600013379984, 6.690289160316524], [7.974455105618688, 6.711260243365587], [7.984430910957826, 6.720462039991219], [8.009328243403786, 6.725019057683426], [8.019998760634337, 6.733300205739965], [8.031993555658119, 6.732458244252598], [8.075387955090093, 6.713848113599624], [8.08901023883152, 6.711577892006176], [8.098546028376575, 6.707036972178571], [8.103995322825938, 6.712031840996701], [8.112169266298622, 6.70930719377202], [8.127608299283622, 6.711577892006176], [8.136236190847569, 6.71611881363242], [8.144409180139576, 6.725200653287573], [8.147133827364314, 6.742909907866022], [8.152583121813677, 6.754716395645175], [8.173017502056098, 6.77333450328473], [8.191635132155682, 6.778329372102917], [8.21297740858057, 6.776058673868761], [8.220243454072204, 6.778783321093442], [8.226146698411469, 6.789681911790865], [8.229325293727356, 6.800125599317028], [8.234319686804156, 6.79921770133592], [8.240676880133947, 6.792406082374839], [8.249758719789156, 6.775604724878178], [8.249758719789156, 6.768339156926572], [8.255661964128365, 6.766068936232443], [8.26608981279469, 6.741573250005558], [8.262490850972029, 6.737931832088407], [8.25157546993205, 6.735644816555066], [8.268831253059943, 6.727925301411574], [8.273825645237366, 6.716572761723626], [8.273825645237366, 6.712940215618517], [8.280183791848572, 6.715210438111285], [8.285632133016577, 6.710215570192474], [8.280183791848572, 6.704766273045095], [8.278820991595524, 6.697955131624099], [8.294514655926662, 6.678709030097707], [8.299398421599903, 6.679910182608864], [8.307367325042094, 6.677557944643468], [8.321065902769249, 6.678613185749953], [8.340502738810414, 6.684218883994333], [8.361105919102954, 6.693262099566311], [8.37489795707512, 6.706943988574267], [8.393416405442792, 6.742407799280556], [8.40832328798939, 6.752637862747235], [8.419765472098902, 6.757152080803962], [8.435746192832596, 6.758190154751901], [8.443707466426474, 6.754691123796363], [8.450499535025585, 6.747755051254671], [8.468745231607215, 6.746480942141829], [8.480187415716728, 6.750996112580594], [8.496185302709591, 6.754329206028103], [8.508768081681694, 6.758834839156577], [8.535016060043176, 6.759802818145602], [8.544134139678874, 6.758592129223416], [8.578411101591087, 6.765244007005379], [8.62074089077953, 6.781025886735335], [8.636840820247699, 6.798137188380565], [8.640314101814397, 6.805000781860656], [8.641556740051556, 6.818769932086752], [8.637044906996891, 6.825689793449271], [8.620000838667806, 6.834991931932166], [8.601857184561482, 6.850042821119359], [8.600760460426955, 6.855791091585672], [8.606489182329938, 6.859195232374134], [8.623627663286072, 6.862522124996133], [8.636176108840402, 6.862434863777992], [8.654446602428834, 6.864604950358228], [8.6647405618275, 6.867979050193071], [8.70374202667324, 6.896412848773991], [8.720853805858496, 6.896295070860901], [8.741363525006705, 6.892710210407927], [8.759608269206296, 6.891436100395765], [8.776695251384808, 6.887874125890221], [8.785788535812344, 6.883218764634307], [8.790351867644631, 6.883186817117974], [8.817680358961468, 6.876111031299104], [8.848406792039896, 6.865565777039023], [8.867715836216917, 6.853951931236679], [8.879090308570937, 6.849280833643604], [8.897258758784744, 6.837675095229486], [8.92340373959098, 6.824865818402827], [8.96084785474477, 6.797053814681874], [8.974477768334395, 6.788922786857199], [8.991445540879056, 6.769289017274389], [8.994800567891957, 6.760079860597159], [8.99475765224389, 6.754340173260459], [8.977286185609046, 6.714215169194745], [8.970425605757157, 6.703990936032937], [8.968091964872315, 6.697119236063941], [8.969207763627423, 6.693666934781277], [8.970331192230788, 6.691361904028724], [8.985179901231504, 6.693556785817066], [8.992015838759983, 6.692360878152044], [8.997652053699369, 6.683137894398328], [9.018033980983489, 6.662332058177981], [9.022545814937473, 6.655412196815462], [9.027075768432042, 6.650787829794581], [9.035036086945922, 6.647288798839043], [9.04755973819141, 6.643758773648528], [9.07036781332397, 6.642453194559323], [9.08526706692163, 6.65153598839521], [9.10587024721417, 6.660579204866451], [9.11732959668359, 6.667387962184762], [9.123076439026477, 6.673089981417547], [9.13567638425775, 6.679891108887603], [9.1494007113738, 6.684389113966461], [9.158527374139055, 6.684326172215151], [9.175674438224803, 6.688799857827235], [9.184833526945738, 6.693329811321803], [9.19282913215875, 6.694423198971492], [9.215731620817678, 6.705746175245849], [9.255754470892157, 6.718100071361278], [9.279720306247157, 6.719082831607466], [9.291146278278177, 6.721301078681904], [9.300264358813138, 6.720088958938334], [9.303669930422984, 6.717770100210032], [9.318322181623444, 6.693559169919808], [9.343207358832615, 6.664684771884765], [9.34770297980873, 6.655468941338597], [9.357876778090883, 6.64276981437547], [9.361248016282957, 6.635858058602594], [9.381655692955917, 6.618495941434617], [9.386176109140195, 6.61272382724286], [9.402062416347462, 6.60113382336732], [9.405442237669206, 6.595369816563846], [9.41675758409525, 6.582663058853143], [9.432541847028688, 6.557295799161864], [9.449518203602281, 6.538808822569138], [9.471092223627295, 6.524884223628078], [9.474411963941009, 6.511083125885591], [9.474327086825667, 6.499602795232875], [9.467286110165901, 6.473245145447152], [9.458027683231023, 6.40473021532722], [9.467408519587536, 6.401266129328462]]]}}, {"type": "Feature", "properties": {"level": 1, "state": "Plateau", "name": "Plateau"}, "geometry": {"type": "Polygon", "coordinates": [[[9.61683597220241, 8.371847741779902], [9.625098781283782, 8.366913888365332], [9.626287179609676, 8.369853251426434], [9.620464026193929, 8.383374038581053], [9.646133437408253, 8.381022630689927], [9.65275382992536, 8.384195328251849], [9.654766082788512, 8.382353782900793], [9.664380073781444, 8.382781029221178], [9.668314934186924, 8.381025314266878], [9.679941177143633, 8.379611015236208], [9.693578719682193, 8.376355170854481], [9.695590973444723, 8.37451457968416], [9.707128525261282, 8.375026703119886], [9.711062430586765, 8.373270989064963], [9.756654738925135, 8.367341996236178], [9.761323929056118, 8.369710922021511], [9.76499080678036, 8.37373447356714], [9.784161567602325, 8.38241958629493], [9.796966552864149, 8.39059829707378], [9.80233097109749, 8.391323090388369], [9.809424399816237, 8.397447585937414], [9.821446419117024, 8.402791022987344], [9.856025696228926, 8.425495148182563], [9.869446753964553, 8.431289672580363], [9.890913963308833, 8.447825432397849], [9.920263289719117, 8.47855758696312], [9.950106620923862, 8.498931885298305], [9.963113784573522, 8.513357162003445], [9.997756957617526, 8.540867804705499], [10.00417709359806, 8.549806596397332], [10.025476456173578, 8.569796562261615], [10.051827431191043, 8.591742515804526], [10.066206932404043, 8.61315059832151], [10.085717200788224, 8.634789466660607], [10.087177277109674, 8.640045165851745], [10.097175597875605, 8.645686149895937], [10.11644744879078, 8.672503471058405], [10.127986908069374, 8.681674003652404], [10.17042732196336, 8.725105286080122], [10.177096366903868, 8.728865623150057], [10.180347443080109, 8.732471465685649], [10.188146591392126, 8.748394011974142], [10.206195831072819, 8.764776231437963], [10.224076270703392, 8.784611701868585], [10.235707282764963, 8.792056083821251], [10.248636245866123, 8.808208466247777], [10.256927489711927, 8.813771247944771], [10.261806488079003, 8.819181442569572], [10.266937256149504, 8.819411277808285], [10.276936531096055, 8.825052261852477], [10.286856651313428, 8.832418443256586], [10.291896819882368, 8.834375380619349], [10.305075645224917, 8.845348357840464], [10.325076102580113, 8.85662937174817], [10.341096878218423, 8.87984085127431], [10.350927353114912, 8.888934134802525], [10.369147301207022, 8.901864052084363], [10.380526542665848, 8.914486885061763], [10.397196770015, 8.923887252894474], [10.406956673311868, 8.934706687963342], [10.426877021757207, 8.947713851613003], [10.463807106013178, 8.963215828148009], [10.47918701217094, 8.963907242225503], [10.489356041348287, 8.966094970806296], [10.497977257244656, 8.964753150837282], [10.50977706935629, 8.968743324045192], [10.51839637779068, 8.967401504975498], [10.530277252093583, 8.969665526642814], [10.538826942209653, 8.970049858214452], [10.544027327699041, 8.96855449699251], [10.566246986309409, 8.969553946857218], [10.579746246392233, 8.97362136823159], [10.596746444892574, 8.976116180217616], [10.603165626692373, 8.985055923392224], [10.606257439229466, 8.992115021391157], [10.627225875573743, 9.019009589820769], [10.630065918407468, 9.031248093025113], [10.629816055266758, 9.036427498230523], [10.637447356810128, 9.055801391621003], [10.637197494568795, 9.060980796826357], [10.640036583221786, 9.073219299131381], [10.637916564597845, 9.081773758352313], [10.62252521456702, 9.094029426916563], [10.625289916696374, 9.103053093025892], [10.632630347812324, 9.111101151197204], [10.63611984325621, 9.11897754677642], [10.635760306892678, 9.12668418902416], [10.633660316170676, 9.130452155942294], [10.625610352335968, 9.137816428985047], [10.617739677344275, 9.141327857994327], [10.613539695900272, 9.148863792729912], [10.61511039692732, 9.15665531209305], [10.610369681915358, 9.17574977892923], [10.614236832363986, 9.182785035001416], [10.610486984087117, 9.189537047796591], [10.599906920667877, 9.195981026603135], [10.599657059325864, 9.201160430909226], [10.595719337277615, 9.20825481380865], [10.597229958196067, 9.209915161055903], [10.596610068999553, 9.223401069803572], [10.588199614620578, 9.238471985094066], [10.580149650785813, 9.245836258136876], [10.577750205607572, 9.29785346976189], [10.579489707584003, 9.301792145091497], [10.580880164687926, 9.313437461769468], [10.580260277289995, 9.326922418135155], [10.578069687066431, 9.332616805721045], [10.570110320934589, 9.338054657196722], [10.567919730711026, 9.343749045681989], [10.559869765976941, 9.351113318724742], [10.561619759444397, 9.35505199405435], [10.561260223080865, 9.36275863630209], [10.566579819103424, 9.37264728564378], [10.564390182161219, 9.37834167502831], [10.560370444640341, 9.382023810650367], [10.56000995589477, 9.389730452898107], [10.563590049940899, 9.395680427809566], [10.569179535207411, 9.399789809751951], [10.57835006690209, 9.409849166605795], [10.57991981464778, 9.417640685968934], [10.578940391785693, 9.438833237863662], [10.576660156241246, 9.446454047916006], [10.566149712039646, 9.465291977742652], [10.540963806034881, 9.483537022315772], [10.522958902931066, 9.4883910078388], [10.50763034806215, 9.522539139169965], [10.49967002864895, 9.527976989746321], [10.49127006486168, 9.543047905036815], [10.48890018489567, 9.552595139354253], [10.479020118683593, 9.557948112815211], [10.465379715401582, 9.561203957196938], [10.453399657568184, 9.570323944294614], [10.439669608965346, 9.575506210243475], [10.42383956874113, 9.584454537447016], [10.416150092752616, 9.584114074804745], [10.404259682038742, 9.591308593616759], [10.382749557046452, 9.59807491282703], [10.372870445015053, 9.603427887187308], [10.353010177577687, 9.616060256575622], [10.326860427666645, 9.639995575235673], [10.311823222563703, 9.64404020958807], [10.300273623429007, 9.652740607193323], [10.29536598525209, 9.658243110031549], [10.292391659247698, 9.665530211350244], [10.267377575015132, 9.681050243573907], [10.264879140559913, 9.681264396434813], [10.260596111221616, 9.687117869594033], [10.226453820087784, 9.690065427277716], [10.206823265581306, 9.688429547885391], [10.19953616696057, 9.689767993598082], [10.165182698822548, 9.68411677436967], [10.152244380074137, 9.67876298792163], [10.15001363512124, 9.680696299194892], [10.146497291316962, 9.690305485110116], [10.143198785795391, 9.692126008808316], [10.12993625695276, 9.692266580937996], [10.121665003237354, 9.694164300642], [10.11531895430636, 9.69367230133571], [10.108758992633454, 9.690579709985684], [10.103696414757792, 9.700911664841499], [10.10486917297402, 9.71051175231554], [10.103291093009602, 9.719512445243197], [10.095959572376387, 9.72422778858163], [10.084918639683508, 9.724707533725734], [10.079346666915171, 9.726340259195638], [10.075732413919809, 9.729160402730429], [10.068202719579915, 9.730941534324415], [10.05344452014856, 9.729011975022672], [10.048474923179185, 9.726043401082165], [10.046818389956798, 9.728863547314916], [10.04184879208816, 9.730496252100409], [10.03883691489176, 9.727082404929092], [10.013537143024791, 9.719067147730755], [10.00570626213431, 9.717582820291], [9.99561647222248, 9.718176551806494], [9.98432193161193, 9.712981361700542], [9.972589634304256, 9.699527657675333], [9.975138663718383, 9.689331055284015], [9.991656303095965, 9.645744324141276], [9.991197585899897, 9.638402938844592], [9.98064422605023, 9.623262405235835], [9.96229171788849, 9.612709998667526], [9.942169718957416, 9.60905119505668], [9.935597737845399, 9.605102759384863], [9.915951729388837, 9.61087417570269], [9.906775475307995, 9.61179161099409], [9.901987851658077, 9.608671950050507], [9.83887100229498, 9.60123920442578], [9.831425263265317, 9.598602098108415], [9.824209220079467, 9.583241459925489], [9.803285141895856, 9.579112905336387], [9.784272194106507, 9.557192801906353], [9.763830397155175, 9.540113729265215], [9.745687007449476, 9.531488184032526], [9.73260021242993, 9.532527924424244], [9.713550567804532, 9.527821541031358], [9.703935622630922, 9.527394294710973], [9.692341656342421, 9.522470311355846], [9.683220058558902, 9.525786720580754], [9.678137531022287, 9.530812142966056], [9.667858259351249, 9.535323601003427], [9.65860691457749, 9.531725855963543], [9.65449044687665, 9.52498008356406], [9.651006958904077, 9.521902661078968], [9.648378573312584, 9.522287246259452], [9.627441410892459, 9.534619948052182], [9.627679358015996, 9.53786196355884], [9.624199396285178, 9.537177869063441], [9.620243542105811, 9.541371668567706], [9.620094825715682, 9.543334724917656], [9.6150979568053, 9.544613684074307], [9.614116430428965, 9.54696340213934], [9.610844670744996, 9.54889671431198], [9.605996519124119, 9.546041361419725], [9.598858135994249, 9.546546996246946], [9.590286128302239, 9.543682720281367], [9.586687192559964, 9.544099126173762], [9.579220546091392, 9.551672913374318], [9.578156130101377, 9.54279669561106], [9.570048812003108, 9.534355232607936], [9.57046521789556, 9.529120419271976], [9.58992166725119, 9.511536043653564], [9.569105228023886, 9.472712446722085], [9.425445269783438, 9.4768765029483], [9.40350808103318, 9.51020268090906], [9.401783943074577, 9.519769669734501], [9.397403716808128, 9.531158446704978], [9.351026224780526, 9.53226699782374], [9.30403186977503, 9.571528104138736], [9.30929232008458, 9.598940875421135], [9.327155113217941, 9.595750809252479], [9.315334310030437, 9.607220018888825], [9.28975510441461, 9.614358402018695], [9.297289848447804, 9.624849319240752], [9.28458023089297, 9.636112213607817], [9.284290313747022, 9.643897057303377], [9.291357993976305, 9.657724380176035], [9.291179656615896, 9.661577225108886], [9.294490813800053, 9.673307418902311], [9.290555954293893, 9.675063132957291], [9.28783226035057, 9.692317008623093], [9.284633191968283, 9.6980523927038], [9.26715022390374, 9.680388445070719], [9.216561886621832, 9.683967479715477], [9.210313692922625, 9.68736007230956], [9.20388236757725, 9.70346019782994], [9.19813537594689, 9.708473205973746], [9.19507104579219, 9.713823251242104], [9.188660315820982, 9.716506151937438], [9.178281784177045, 9.727993010768898], [9.160442351833126, 9.738783835705476], [9.152183533043683, 9.744761466568491], [9.150382995878601, 9.747989654998605], [9.155795097066118, 9.755951880974578], [9.184103012144362, 9.768792152036212], [9.198702101720642, 9.772741004094087], [9.209360310829709, 9.770084166651031], [9.212014572614464, 9.772920747094872], [9.21872033777339, 9.77325565732275], [9.23577593541114, 9.789613285724613], [9.244208335945984, 9.802349092436714], [9.253554344257623, 9.808555602559068], [9.26080036184726, 9.818529129915476], [9.271268844581584, 9.842160225913744], [9.272069625213078, 9.846144618279538], [9.245718358815282, 9.847927357861352], [9.232135603875065, 9.861648915964736], [9.21428964605036, 10.017503611902214], [9.251268387226332, 10.02466964828568], [9.254759193881739, 10.03009989509411], [9.229707321036074, 10.048247259803247], [9.210796991288191, 10.048386398413584], [9.192543200808132, 10.040219150393511], [9.183000586308083, 10.038271278196987], [9.162979448143062, 10.0419021479658], [9.164602576947402, 10.046448893601621], [9.155327070987596, 10.04602942192031], [9.144595832431776, 10.049469727146231], [9.128041438661512, 10.058643695150465], [9.124002523098, 10.058030656989274], [9.118558018437852, 10.056022587772247], [9.108930276810895, 10.04404423865077], [9.085548400938023, 10.025030136131932], [9.068331717634692, 10.022339821425646], [9.058896064901546, 10.018059731071787], [9.047448159305134, 10.01562023188825], [9.035685771581143, 10.016181642668698], [9.020141517916784, 10.02329690332948], [9.007193460409894, 10.032775238786314], [9.003884225077002, 10.03176947568079], [9.00402683237246, 10.025965085720202], [9.006926525438871, 10.019411616253137], [9.005833198043717, 10.012109022313552], [9.001269748400205, 10.008878976783421], [9.000461635596082, 10.005976589348165], [9.002775390671786, 9.988791448866323], [8.977460860930023, 9.987416266747346], [8.962086607910692, 10.005209730244928], [8.951510272181338, 10.011085547959738], [8.949918383126942, 10.013218623840487], [8.949522883774137, 10.019853669011638], [8.947185043055356, 10.01961531809252], [8.943762477856126, 10.026349085442007], [8.938685901133454, 10.026567162944275], [8.952092870989247, 10.093011841123598], [8.968270303132044, 10.102840423846544], [8.974357605419186, 10.13786029861393], [8.972167969376358, 10.143549918893711], [8.971811295554915, 10.15126037606558], [8.977134704702905, 10.161149978688627], [8.976689339741313, 10.170780181760051], [8.978166579623974, 10.180500031950942], [8.973875998678466, 10.189959525711572], [8.930326461696893, 10.21504974385067], [8.929701805194213, 10.228540420803824], [8.931246757731742, 10.245111464622426], [8.9346685423194, 10.246129990007091], [8.936413764883412, 10.250069617718736], [8.935611725201, 10.267410278861348], [8.939189910885716, 10.273360252873431], [8.9538602834254, 10.28946018324092], [8.954892159245787, 10.308810233805275], [8.948678018375915, 10.318180084043718], [8.94631004317398, 10.327730180003869], [8.942196846307468, 10.33333969137368], [8.93571567513834, 10.348500251985115], [8.929770470231063, 10.352089882442158], [8.925834657443545, 10.353850364702623], [8.91814327309362, 10.353509902959729], [8.898693084818035, 10.358214377991203], [8.870192528662301, 10.357634543699305], [8.838076146596961, 10.370377187956933], [8.823150032048375, 10.374218050322838], [8.820630627201751, 10.375480535698216], [8.818318428852479, 10.380446247596296], [8.805094778601187, 10.355613826417027], [8.804025219388393, 10.345443006689436], [8.801093129144647, 10.338476489398488], [8.799274878932579, 10.322872450603143], [8.799274878932579, 10.302921225734053], [8.790718408827559, 10.293492360184302], [8.769241669367602, 10.285157680882321], [8.763423268868792, 10.281369116791382], [8.757262610680982, 10.280106252801374], [8.74956178794622, 10.280948163027347], [8.738592149008525, 10.277970314378535], [8.734277066033826, 10.275103278393658], [8.728683999666885, 10.248280402118894], [8.712531286289902, 10.230251818067018], [8.686072779335348, 10.211230412153839], [8.6808723461819, 10.177011473600658], [8.672030659687266, 10.146223459445139], [8.673171523447081, 10.137613513852614], [8.671650373266175, 10.124604573142562], [8.672268339712161, 10.08173684637842], [8.679919242878782, 10.005089759784653], [8.66492354958217, 9.963902227405924], [8.6465989293971, 9.90519865439444], [8.638149414763745, 9.885661395557008], [8.63469241092605, 9.8668341083075], [8.639313168068327, 9.8558079757575], [8.64394792315818, 9.83473182671247], [8.642521843908014, 9.81084389782768], [8.64394792315818, 9.775360122171946], [8.633608854664942, 9.754630222007165], [8.616753399349932, 9.744789940003784], [8.615465163686395, 9.742396354807966], [8.610640035609208, 9.74126036717223], [8.598860068837155, 9.727923997694404], [8.601878610909239, 9.706138307836682], [8.601878610909239, 9.690675639768983], [8.599026454207547, 9.67872672815605], [8.581622627382387, 9.675818468147838], [8.580059611062268, 9.67273440237085], [8.585202860823415, 9.664376835322741], [8.57781353896371, 9.65640923679689], [8.570386047178374, 9.640006987632432], [8.565616374895853, 9.624314960067409], [8.566984177178085, 9.613977433012167], [8.565863609318171, 9.596553802216249], [8.555038451863084, 9.58062934936504], [8.553649902221252, 9.568984031787693], [8.556285858305785, 9.553657532768966], [8.568528966039025, 9.519681734024857], [8.57432835307111, 9.513680871874783], [8.577750939854013, 9.499240867871777], [8.580127737405178, 9.495583885388044], [8.588208848359727, 9.489301288124011], [8.602659774628933, 9.482549712399361], [8.602418900212115, 9.47269439822793], [8.60757064766733, 9.464001655651941], [8.61766147629612, 9.434761047384484], [8.623696327423602, 9.429237366411371], [8.627899169611055, 9.421702384957143], [8.631833075835857, 9.419945716721486], [8.638225554965459, 9.406716346782048], [8.64837455714013, 9.395584105921785], [8.66489028905562, 9.393177032693927], [8.669525145768887, 9.396523475677895], [8.687276840254015, 9.387659073207715], [8.695412636284175, 9.37836742441715], [8.695858002145144, 9.368734359703012], [8.690713881840225, 9.35499286812643], [8.68941497841854, 9.341422081363987], [8.691426277101073, 9.339580536012988], [8.694150925225074, 9.322327613628488], [8.698085784731234, 9.320570946292207], [8.692673682644397, 9.312608719416914], [8.68752860995744, 9.298867226041693], [8.684395790133635, 9.283283234034059], [8.678983688046799, 9.27532196044018], [8.657807350029202, 9.207689285931849], [8.66148471834515, 9.195393561563662], [8.667521476934667, 9.18986988059055], [8.673289298662269, 9.1901264202981], [8.677312851107217, 9.186444282877403], [8.687015533240299, 9.184944152550656], [8.690773009566783, 9.187042235810566], [8.708078384010264, 9.187809943873845], [8.748991965806624, 9.1780433649094], [8.761064528805036, 9.166996956244589], [8.764998435929101, 9.165241241290289], [8.767553328923043, 9.15742015761424], [8.767522812228037, 9.136285781963295], [8.761279106145878, 9.120674133104785], [8.761625239912917, 9.11319616956763], [8.76006889296508, 9.105176925674641], [8.768506050014253, 9.097863197228833], [8.768846511757147, 9.095305442592178], [8.780188559954127, 9.086765288887023], [8.791902541669003, 9.08342361500786], [8.799438477303909, 9.071156501671283], [8.789483070387462, 9.052428245966837], [8.789928436248374, 9.042796135433377], [8.798154830880776, 9.031578064176358], [8.806030273178635, 9.032741546785019], [8.811725615844523, 9.03030204760148], [8.850249289772933, 9.030030250895436], [8.861964225668544, 9.02668953029763], [8.875513077066898, 9.025360106583719], [8.885354995836451, 9.021609305924756], [8.894920348795097, 9.022360802808862], [8.924118995595222, 9.015935897723523], [8.951128006352462, 9.01520442964079], [8.954884529397589, 9.017301558720021], [8.966815948297437, 9.015042306157568], [8.995292664325063, 9.019022942055187], [9.000943183880906, 9.021277428210794], [9.020171164967337, 9.02213096577151], [9.023927688911783, 9.024228095750061], [9.044990539681692, 9.027093887073306], [9.056705474677983, 9.02375316737482], [9.062741279986142, 9.01822853132171], [9.0669631958948, 9.00792694117547], [9.07073783937983, 8.987840651624822], [9.06836795761518, 8.979869843418612], [9.067069054193553, 8.96629810427413], [9.071182251060065, 8.960689545286357], [9.073461533323155, 8.953068734334693], [9.071894646320914, 8.945277214072235], [9.068227767697351, 8.941252708345871], [9.062547683828598, 8.939070702151241], [9.045955657927323, 8.922889708693162], [9.044477462964608, 8.913171767762947], [9.031820296569492, 8.895235062048528], [9.023541450777373, 8.865909575766352], [9.01061630170102, 8.853753089833276], [9.003014565369938, 8.85148525234257], [8.999079704065139, 8.85324096729687], [8.989554405111733, 8.850887299409408], [8.985619544706253, 8.85264301256501], [8.973994255030902, 8.854057311595682], [8.95878982459078, 8.84952163661427], [8.95530033094559, 8.841644286854375], [8.94979858443719, 8.835607529164179], [8.95109939622023, 8.82714271526413], [8.950596809195417, 8.815776825140404], [8.945146560565377, 8.799559592601156], [8.93832683601471, 8.79367256213908], [8.932709693897323, 8.785508155976686], [8.923966407623652, 8.782485009375705], [8.907889365901553, 8.783555030840034], [8.900554657171767, 8.775506972668722], [8.901088715072206, 8.763946533106093], [8.904689789402312, 8.758125305138776], [8.904410361948692, 8.75503444678236], [8.896033286806812, 8.748279572344416], [8.891933441275341, 8.740353583651029], [8.892136573843857, 8.73293018288166], [8.90283680017825, 8.71933078778568], [8.910737990965572, 8.702993394129862], [8.913947104775104, 8.686176300296097], [8.92570686288144, 8.677200317140944], [8.934799194027619, 8.66788101239888], [8.940243721170816, 8.667230605607983], [8.942276001036646, 8.652189254630457], [8.949756622070481, 8.63394260386815], [8.951176642588052, 8.621312141042552], [8.958310127110735, 8.612245560184476], [8.970023154644934, 8.605570792857861], [8.977794647005396, 8.605191231290348], [8.98343181612546, 8.596580505086308], [8.983180046422035, 8.585113525768634], [8.98102188125489, 8.578203200817086], [8.987382888609488, 8.564522744429155], [8.98409462007072, 8.558160781994559], [8.984020232647651, 8.553231239030481], [8.978455544387884, 8.549236297617085], [8.974966048944054, 8.54135894785719], [8.975144386304407, 8.53750610382366], [8.982460022212308, 8.527254104993006], [8.997275351975986, 8.517252921685042], [9.005145072786945, 8.513740540293725], [9.010276794138804, 8.515272140596835], [9.013636589357134, 8.512063025887983], [9.019470215378192, 8.50987529820651], [9.026385306736586, 8.512754439965477], [9.03677654310303, 8.512515068315793], [9.043380737031441, 8.518355370004372], [9.049360275356491, 8.519665718198382], [9.05916214012069, 8.512280463972274], [9.059874535381539, 8.496867181275434], [9.066352844008577, 8.49252033334676], [9.069934844617421, 8.487661361982305], [9.075792312565227, 8.485990524143403], [9.08010959618099, 8.488046646835357], [9.08830356575703, 8.483602524636865], [9.10141277278126, 8.473614692664], [9.103188514738235, 8.464233397653231], [9.096802711276155, 8.448313713906828], [9.09715843181624, 8.440607070759768], [9.10109329222172, 8.438851356704788], [9.121526718283462, 8.438224791840696], [9.12443447107404, 8.43409633617705], [9.127536774202838, 8.433738708174872], [9.128458976800403, 8.430414199655615], [9.132393837205882, 8.428657532319335], [9.138598441664783, 8.438313483880222], [9.145819664046314, 8.443388939148292], [9.152475356752348, 8.452715874637931], [9.174925803882786, 8.46722602755915], [9.177026748785465, 8.463459014821751], [9.182617187333392, 8.467567444382098], [9.202290535180111, 8.458788872308673], [9.21199417059455, 8.457288741981927], [9.254297256213476, 8.459166527313414], [9.261898994343142, 8.461435318085535], [9.263910293924994, 8.459594726915157], [9.273346900838874, 8.463871002344945], [9.288908005100382, 8.460703850002744], [9.290740967321824, 8.462716102865897], [9.311624526550702, 8.469434738222617], [9.321233749338091, 8.469747543114693], [9.336265563904703, 8.478251456839303], [9.343868256215103, 8.480519295229328], [9.351559638766389, 8.480860710253637], [9.355316161811459, 8.482957840232189], [9.380579948206105, 8.478287696819791], [9.38853836105659, 8.472849846243435], [9.408212662184667, 8.46407127417001], [9.426897048959688, 8.453403472892035], [9.436223030268707, 8.45013427717521], [9.442103385962525, 8.445646286047293], [9.470183372364772, 8.43123531305929], [9.520290375400577, 8.414955138768676], [9.52799987839171, 8.415335655416186], [9.532260895024308, 8.41412067402996], [9.55923366490174, 8.401512145669017], [9.588587761316205, 8.396791458558994], [9.59453392040416, 8.393193244972338], [9.601553986927001, 8.392717346228608], [9.60501484435963, 8.385843002252784], [9.61683597220241, 8.371847741779902]]]}}, {"type": "Feature", "properties": {"level": 2, "state": "Benue", "name": "Agatu"}, "geometry": {"type": "Polygon", "coordinates": [[[7.750169633621738, 7.751789612100993], [7.792123024158286, 7.764951371908353], [7.795404465044101, 7.775634605552625], [7.80559356259289, 7.789543672302671], [7.846111725975447, 7.792705252445501], [7.847704204985121, 7.795374301782658], [7.86091538973352, 7.793415856256786], [7.895661814840935, 7.78450632220904], [7.905527715831454, 7.783435978787452], [7.914081889967292, 7.780089130209262], [7.938644710584981, 7.796542380826281], [7.977583151841031, 7.785532175269736], [7.968711829087681, 7.766626943778476], [7.97101798759013, 7.753115332406708], [7.974825241391841, 7.742218116772733], [7.998462817005475, 7.719742745831127], [7.999545000001774, 7.709120999734409], [8.026496214928443, 7.702723336912527], [8.034879834436879, 7.733479551040489], [8.038216704137653, 7.736705169208221], [8.089342490663455, 7.748644801616365], [8.102042705806298, 7.757305683010884], [8.135124000172539, 7.79069599972064], [8.157239000179743, 7.802994000272918], [8.167149000326162, 7.802365000044745], [8.186651000343431, 7.810099999715248], [8.198121999630644, 7.820504000159531], [8.206502000267164, 7.825202000072295], [8.215219497581813, 7.834565163851266], [8.183121681120724, 7.853172779100532], [8.180357933172104, 7.852580546754893], [8.159862517741033, 7.859685422044663], [8.11380863236252, 7.863872051254191], [8.095201491955322, 7.868988991348942], [8.072406769057181, 7.877362251566694], [8.040774344560418, 7.896435262377508], [7.994720935822556, 7.922950745880257], [7.972856997752274, 7.939232349193617], [7.903079032771188, 7.969004153718743], [7.877028942132029, 7.983425139758424], [7.867259979064841, 7.986216068816589], [7.838418006985478, 7.985285758830742], [7.760732173750853, 8.003428458756389], [7.697466849915259, 8.013662338046515], [7.676837921133199, 8.014471054295768], [7.664317608171132, 7.935101986067878], [7.663638114607352, 7.905889033751976], [7.669752598004038, 7.884828567984073], [7.692851066923254, 7.838631152605672], [7.744690417828565, 7.768656730723592], [7.750169633621738, 7.751789612100993]]]}}, {"type": "Feature", "properties": {"level": 2, "state": "Benue", "name": "Okpokwu"}, "geometry": {"type": "Polygon", "coordinates": [[[7.889743210081122, 6.834539936269096], [7.96405145411137, 6.914423966193112], [7.954774684604047, 6.931996674906657], [7.950643218010157, 6.945435283811321], [7.938155000053257, 6.965910999593007], [7.947703999739872, 6.971507999594564], [7.978323999852762, 6.982049000061352], [7.988497999583046, 6.983488999917483], [8.013830999600998, 6.980986999650383], [8.053436000371164, 6.973432000186733], [8.045154999803458, 6.977922000400042], [8.035143000349251, 6.986386000413631], [8.02630900036013, 6.996444000190479], [8.013520999694435, 7.018781999689566], [8.013155999949504, 7.024778000104675], [8.004433999729372, 7.041746000177795], [7.988791999651085, 7.058831000250507], [7.981710999563006, 7.063100000164923], [7.97191178959747, 7.07461656180493], [7.969154307225551, 7.091552128727812], [7.972146188895522, 7.105242447081309], [7.969512267976825, 7.106286491628339], [7.962198089870014, 7.106251461236013], [7.958412965685852, 7.107717375056836], [7.952696166994542, 7.104682978836479], [7.940019777590692, 7.108954263928183], [7.93831215927878, 7.112579610960324], [7.934814103188387, 7.113212971101802], [7.936896345789762, 7.12474541117183], [7.935037565831067, 7.149942910337074], [7.928154495733452, 7.147033824751247], [7.915555236684895, 7.144871936390814], [7.906338605742121, 7.147362058412341], [7.897530502630616, 7.152608071905036], [7.86850042565419, 7.154456021328372], [7.849211082025874, 7.159669901145094], [7.843375903774984, 7.159417610734181], [7.842872367965469, 7.176536865983621], [7.846407852940104, 7.187064474645865], [7.838618695196658, 7.18880996880506], [7.835675992053439, 7.191639184700648], [7.829205029988202, 7.192816547445773], [7.828251702753903, 7.200580999013937], [7.83022423076369, 7.205966137627172], [7.830319645235477, 7.215784872773725], [7.832478007354212, 7.219878586727418], [7.833369053838794, 7.226844710115301], [7.830939439103872, 7.23595584518614], [7.830632620099379, 7.256308648825154], [7.828330219863801, 7.259449981631406], [7.824522054149554, 7.279891938662104], [7.815486849738363, 7.280016833809896], [7.805253638644558, 7.290614718194718], [7.801155285088385, 7.292601656041654], [7.794219444571752, 7.268652196441735], [7.797056197685436, 7.233145237163001], [7.789968967094183, 7.216886044055741], [7.784870359679417, 7.214988727247999], [7.779389874043488, 7.208916560550904], [7.767755885225995, 7.206273519607294], [7.729324444867302, 7.192704225719467], [7.718049202808515, 7.183600029817569], [7.710073687550675, 7.183112262720783], [7.74030512927834, 7.164117438968674], [7.742826630444711, 7.147731016972898], [7.755890161801574, 7.133967598126219], [7.762342260586877, 7.11879344426211], [7.762209156427502, 7.108609632028958], [7.767031726832784, 7.106160749319201], [7.772387536755446, 7.100071875916399], [7.772717039359918, 7.090683132720471], [7.768560478982977, 7.083166206055637], [7.767004372154076, 7.075001359225382], [7.762493207295734, 7.070466604250441], [7.750394956062394, 7.070824494854605], [7.744720513640857, 7.068384369742944], [7.740962959073329, 7.064657999167366], [7.747022000165202, 7.057858000346471], [7.7663241033747, 7.045340852998038], [7.766077509269678, 7.042545280740171], [7.770921399003385, 7.037113202012733], [7.771751452567514, 7.030571511865844], [7.773697610656257, 7.029179637430389], [7.762369109846588, 7.023743044106254], [7.763299108666956, 7.009199326687622], [7.749791874295624, 7.00366238431161], [7.73818572309267, 6.986052872642006], [7.735109626208327, 6.970467063104536], [7.736759401025608, 6.965938916347966], [7.742825413661933, 6.964469055402617], [7.73648371924827, 6.957618692748497], [7.718516999559938, 6.950042999884602], [7.709432207430496, 6.943641650741654], [7.70727603516093, 6.940958045877153], [7.706774608261583, 6.936869613641818], [7.69828206826287, 6.926503402709898], [7.69078026189959, 6.908990652696502], [7.688006105197644, 6.90753482297373], [7.685858361374301, 6.903469837862758], [7.689992956709659, 6.900162547763443], [7.696065629725069, 6.8994501012412], [7.712426707026964, 6.887181675793727], [7.706840671559803, 6.876191524219507], [7.711925623668662, 6.860918930564253], [7.71375657410664, 6.871025968573633], [7.719094670082995, 6.872472403078973], [7.737623294279672, 6.870358495348341], [7.750177383079802, 6.87836217917129], [7.762781619875909, 6.879937649303145], [7.785626410730345, 6.872848033709829], [7.791776023444754, 6.889339760921303], [7.818617992326551, 6.891946633830116], [7.833513654931267, 6.886397394124515], [7.839559538941614, 6.880725384369043], [7.863614081624632, 6.879937649303145], [7.874642371648179, 6.868908881739571], [7.876217841780033, 6.86339473717743], [7.888034344409505, 6.853941917285681], [7.890397548707938, 6.843700885687383], [7.889743210081122, 6.834539936269096]]]}}, {"type": "Feature", "properties": {"level": 2, "state": "Benue", "name": "Apa"}, "geometry": {"type": "Polygon", "coordinates": [[[7.752635479343951, 7.708192348098407], [7.754673958236651, 7.647728443912627], [7.752448082213277, 7.647782803433699], [7.752448081313958, 7.63973120463146], [7.732554110883541, 7.63901335498241], [7.72425571113223, 7.620496190846552], [7.72625829898135, 7.614466453264242], [7.731815974327787, 7.612703556324107], [7.736204634436376, 7.59938117220338], [7.737766889930072, 7.567204043631762], [7.737407710597438, 7.539083313444223], [7.755783081324182, 7.530394076425523], [7.754532336598118, 7.512884140390838], [7.758578387382727, 7.492455959175231], [7.760786058429915, 7.451600075183364], [7.76412105574218, 7.433673383419944], [7.768290042951151, 7.427002906758787], [7.776211261640469, 7.419498920438855], [7.792887211375728, 7.414913176601885], [7.79218887971308, 7.409864057979917], [7.802960256810479, 7.407888537026395], [7.815919345401539, 7.408826814106249], [7.821511481869436, 7.41638228661327], [7.833370091656434, 7.42250023599712], [7.854799999820159, 7.445901000330934], [7.893738999555239, 7.471509000440051], [7.915712000208714, 7.489340999887304], [7.932206000006943, 7.496432000436528], [7.963704000139558, 7.518480000052023], [7.997240999872304, 7.538189999768747], [8.012198999883992, 7.550148999976443], [8.022101999707559, 7.56334499967204], [8.032413000359725, 7.573308999610674], [8.054639000089821, 7.592517999606059], [8.066763999858779, 7.600606000266737], [8.076825999820073, 7.611871999992843], [8.072952000134762, 7.626538000028745], [8.067746000177806, 7.661189999918633], [8.0644690001443, 7.672535999736624], [8.064603000028455, 7.680830000004562], [8.062683999666888, 7.690540999967197], [8.048659000412613, 7.693309999956568], [8.03447099993673, 7.700464999859889], [8.026496214928443, 7.702723336912527], [7.999545000001774, 7.709120999734409], [7.998462817005475, 7.719742745831127], [7.974825241391841, 7.742218116772733], [7.97101798759013, 7.753115332406708], [7.968711829087681, 7.766626943778476], [7.977583151841031, 7.785532175269736], [7.938644710584981, 7.796542380826281], [7.914081889967292, 7.780089130209262], [7.905527715831454, 7.783435978787452], [7.895661814840935, 7.78450632220904], [7.86091538973352, 7.793415856256786], [7.847704204985121, 7.795374301782658], [7.846111725975447, 7.792705252445501], [7.80559356259289, 7.789543672302671], [7.795404465044101, 7.775634605552625], [7.792123024158286, 7.764951371908353], [7.750169633621738, 7.751789612100993], [7.752635479343951, 7.744198798935486], [7.752635479343951, 7.708192348098407]]]}}, {"type": "Feature", "properties": {"level": 2, "state": "Benue", "name": "Kwande"}, "geometry": {"type": "Polygon", "coordinates": [[[9.737985610947248, 7.078073026049367], [9.72410640618574, 7.080682676964045], [9.66699934114672, 7.064978234258149], [9.641301163318076, 7.050701467998408], [9.625596719712917, 7.041421569749673], [9.615602983690792, 7.033569348846413], [9.605609246769347, 7.018578744813283], [9.599184703211506, 7.000732786988578], [9.523610351336686, 6.989547228022218], [9.521425050925416, 6.996738290739586], [9.52156892806363, 7.002265309096799], [9.532718981795597, 7.0077306150759], [9.534296512274295, 7.013430364419833], [9.526327848951098, 7.033620331413204], [9.520134551668264, 7.037666469432054], [9.500274772562761, 7.041305137222366], [9.494135065880641, 7.038774115832837], [9.490590978890623, 7.031508717853114], [9.486380609377647, 7.028905445829707], [9.48296211630867, 7.029275008734714], [9.478346505986508, 7.035807709258449], [9.477530391914115, 7.050650007891591], [9.474682936868078, 7.052649978713589], [9.472387536955296, 7.058986886935315], [9.47238226692815, 7.079985082745395], [9.467797463781949, 7.082507647809734], [9.464235149332751, 7.08193763771186], [9.457587752872541, 7.076234932296359], [9.450540382033068, 7.067370067574586], [9.441327887072362, 7.069002594294318], [9.432933062910593, 7.064740995800378], [9.427903196075704, 7.064842131759008], [9.423536658390105, 7.06936005861985], [9.419649283987326, 7.069442521954898], [9.41550407755119, 7.067113467612501], [9.41019440374879, 7.059011594009917], [9.40000145260501, 7.048990116600635], [9.394773608115543, 7.049633579725992], [9.390788572734493, 7.065652574706633], [9.385615532031238, 7.074035295792328], [9.354361668156514, 7.083548284825554], [9.351672553145875, 7.074027899767827], [9.35557948780314, 7.071439420692741], [9.356884397796762, 7.06814211486676], [9.354589652590448, 7.064661701676243], [9.35513720481822, 7.060851880310054], [9.352233159932439, 7.055149645239965], [9.348679503256506, 7.054730436160753], [9.340174265729843, 7.049393726039682], [9.331861364410486, 7.04041200431061], [9.332033641239605, 7.036812984032053], [9.32795098804769, 7.032020101146827], [9.314453182168677, 7.027498183094735], [9.307999324309435, 7.029614555867113], [9.291507892974948, 7.018337848812735], [9.279471860438036, 7.016453873447574], [9.267715994597495, 7.016606021650603], [9.257515509832956, 7.014154789911686], [9.2569129433777, 7.015716031869431], [9.251509885772634, 7.016870558129824], [9.239726587012456, 7.014743417774582], [9.23236049733913, 7.011858532944984], [9.220017361612008, 7.002697991818934], [9.207479312220528, 7.004207181915945], [9.20555618397077, 6.998798668124095], [9.207524433905576, 6.995785631701608], [9.20567605910287, 6.989705675976211], [9.202334024595586, 6.987906292641355], [9.20179908176226, 6.98383795575711], [9.19946642743372, 6.981723957194902], [9.200963544132321, 6.980736846028663], [9.200116682239127, 6.978215511236897], [9.19807420136334, 6.977682141317814], [9.200028941682376, 6.974831516161601], [9.197199287816943, 6.966299563374207], [9.199236707308216, 6.963844907916211], [9.196529419697015, 6.960649200300395], [9.196235567117753, 6.957544758583765], [9.181491510424905, 6.952309267159023], [9.17588122383944, 6.953675679089372], [9.17366755521357, 6.952917297895056], [9.162464371333726, 6.943060578083248], [9.177477999809867, 6.924385000167661], [9.183670000270354, 6.909470000340264], [9.18764300002448, 6.871875999677684], [9.17227030193294, 6.845367785395013], [9.171699018395032, 6.840288615027589], [9.163796916594492, 6.830095895009606], [9.157689275239932, 6.827692991038759], [9.177679709650931, 6.81311316404134], [9.179134628360487, 6.790420113997129], [9.193466223587393, 6.77027729486133], [9.185112582979343, 6.759087975829459], [9.182594840079844, 6.758126341557443], [9.184904610259593, 6.745050878894972], [9.172706754613102, 6.725508441761235], [9.176434429205585, 6.710599944032253], [9.184833526945738, 6.693329811321803], [9.19282913215875, 6.694423198971492], [9.215731620817678, 6.705746175245849], [9.255754470892157, 6.718100071361278], [9.279720306247157, 6.719082831607466], [9.291146278278177, 6.721301078681904], [9.300264358813138, 6.720088958938334], [9.303669930422984, 6.717770100210032], [9.318322181623444, 6.693559169919808], [9.343207358832615, 6.664684771884765], [9.34770297980873, 6.655468941338597], [9.357876778090883, 6.64276981437547], [9.361248016282957, 6.635858058602594], [9.381655692955917, 6.618495941434617], [9.386176109140195, 6.61272382724286], [9.402062416347462, 6.60113382336732], [9.405442237669206, 6.595369816563846], [9.41675758409525, 6.582663058853143], [9.432541847028688, 6.557295799161864], [9.449518203602281, 6.538808822569138], [9.471092223627295, 6.524884223628078], [9.474411963941009, 6.511083125885591], [9.474327086825667, 6.499602795232875], [9.467286110165901, 6.473245145447152], [9.458027683231023, 6.40473021532722], [9.467408519587536, 6.401266129328462], [9.46852874840306, 6.404299735944107], [9.525276184448387, 6.429721832696487], [9.594444275083276, 6.497776985319661], [9.59801375982721, 6.499882084190858], [9.606478690639108, 6.571820736937525], [9.622298241170938, 6.664106369313515], [9.636141777021464, 6.712885856996763], [9.64602947218242, 6.738594055071644], [9.64866638244763, 6.799238681619897], [9.64141464157251, 6.866475581582847], [9.645699501031174, 6.894820213282287], [9.689206123264, 6.986446856637144], [9.699752808345465, 7.011495589949561], [9.737985610947248, 7.078073026049367]]]}}, {"type": "Feature", "properties": {"level": 2, "state": "Benue", "name": "Ushongo"}, "geometry": {"type": "Polygon", "coordinates": [[[9.354361668156514, 7.083548284825554], [9.345028099267438, 7.088588355368358], [9.315347448226191, 7.095732636252194], [9.313416196400397, 7.098064899375629], [9.308873361016822, 7.095443416080855], [9.309581351398322, 7.091308621995381], [9.308067047756083, 7.089520786854905], [9.305241584731391, 7.089252677369188], [9.303923128249835, 7.087622582416316], [9.307643591178817, 7.077194873144947], [9.30290489694346, 7.067925479877033], [9.291628338277235, 7.058249014780245], [9.284421293707794, 7.060498944071071], [9.280801424446224, 7.052729476983814], [9.274486787934961, 7.049673708374996], [9.260494426876335, 7.057463930016411], [9.253423694348044, 7.092314379704931], [9.243412870307793, 7.091105689975677], [9.224222363071647, 7.079950079332718], [9.216921474246703, 7.079567336863136], [9.206448502096748, 7.074271430781948], [9.192594578177307, 7.073428396403415], [9.18374642825512, 7.066837956706365], [9.179914454788332, 7.066257310326648], [9.173192607952558, 7.062337698825786], [9.148829075301649, 7.055432588143503], [9.143484986243152, 7.051725972975305], [9.137530259314076, 7.057212303305221], [9.120171832064443, 7.059456556974567], [9.114123175444263, 7.065866375033238], [9.10881136305403, 7.068484484071746], [9.099882713916145, 7.060326442411451], [9.083096011771602, 7.053188858778867], [9.068190579831423, 7.042483523395958], [9.060289442104136, 7.040637012887885], [9.053693944619909, 7.044341491266835], [9.039531330206785, 7.047273789254007], [9.039307774933889, 7.051014006691105], [9.035830738697655, 7.054979184142098], [9.024236969360686, 7.061294395320147], [9.019970598164605, 7.065270254019083], [9.016688936944945, 7.072885580904881], [9.018516109331017, 7.082238235206432], [9.02118377011493, 7.087978209426865], [9.048432921442213, 7.118636301224399], [9.059941480015311, 7.124314145781227], [9.075385928717708, 7.125169017036569], [9.077103282190762, 7.132083633552895], [9.0607930003967, 7.15656699996714], [9.066680000281849, 7.161655999924506], [9.074191999561208, 7.173522000340085], [9.08552241502747, 7.168438643628576], [9.096372757097129, 7.159491871352827], [9.106461671968646, 7.155304019065284], [9.122642006223657, 7.160824368949534], [9.129114140105514, 7.165012220337758], [9.128598532696174, 7.173366012031863], [9.123676657351893, 7.183818780012757], [9.103903343564525, 7.209391214632888], [9.062464138609187, 7.224656581336205], [9.052507147986546, 7.236382317190248], [9.036261342187231, 7.247286821829391], [9.027765930653231, 7.247317551663741], [9.021882254662387, 7.24505980636502], [9.005278278569733, 7.242507010590089], [9.002049969630434, 7.246149076019094], [8.997185164363884, 7.261507607090437], [8.988552920081247, 7.272140095589009], [8.984371774038209, 7.284223177957358], [8.958261155428033, 7.276302442203985], [8.942149630101369, 7.286963684726345], [8.939953463181837, 7.283805200049983], [8.927374089942361, 7.274157566318706], [8.90367106976413, 7.276280573389784], [8.89923032092264, 7.270708213013677], [8.894736732414344, 7.269819859099243], [8.869585124753769, 7.256249584051091], [8.873228523877344, 7.234091073943944], [8.866346426846178, 7.222853889395537], [8.853553066221082, 7.213722295647472], [8.841577424058926, 7.187137687554298], [8.826182986655567, 7.18219339391004], [8.812368818166476, 7.183625256700282], [8.776371087156008, 7.180372303638933], [8.814642271024013, 7.134407273976535], [8.818167196159209, 7.139091108667799], [8.827248935090324, 7.134199642999192], [8.835173375151214, 7.12168460276223], [8.829249971608931, 7.107704843903491], [8.835188202273741, 7.088775220100388], [8.833750251073297, 7.078412298888509], [8.839451592217245, 7.065697300689919], [8.844148826806986, 7.065955132723218], [8.867358282858504, 7.045463409009187], [8.890885758970626, 7.01281422000028], [8.911417499817787, 6.996906610551662], [8.935963903311517, 6.982654936276333], [8.94386622094936, 6.97674672767937], [8.947395470924278, 6.972082768005407], [8.97669074987823, 6.960110025257507], [8.99654491541554, 6.962310098832063], [9.011309240129378, 6.969607089095916], [9.030578556755017, 6.967107544877365], [9.074260001797711, 6.971993496802497], [9.083521758022755, 6.966437840434025], [9.090692292815106, 6.968351031175189], [9.09401010857971, 6.964610900073012], [9.105706772049928, 6.962418867336908], [9.108617190431062, 6.966160036256724], [9.11258342368609, 6.968265441796746], [9.12909922035277, 6.967623316862614], [9.134386962388476, 6.963691819022301], [9.142115164982954, 6.96671342328591], [9.14516031439706, 6.95683090642126], [9.14567405211585, 6.946572514310162], [9.154164159448442, 6.94363762717478], [9.162464371333726, 6.943060578083248], [9.17366755521357, 6.952917297895056], [9.17588122383944, 6.953675679089372], [9.181491510424905, 6.952309267159023], [9.196235567117753, 6.957544758583765], [9.196529419697015, 6.960649200300395], [9.199236707308216, 6.963844907916211], [9.197199287816943, 6.966299563374207], [9.200028941682376, 6.974831516161601], [9.19807420136334, 6.977682141317814], [9.200116682239127, 6.978215511236897], [9.200963544132321, 6.980736846028663], [9.19946642743372, 6.981723957194902], [9.20179908176226, 6.98383795575711], [9.202334024595586, 6.987906292641355], [9.20567605910287, 6.989705675976211], [9.207524433905576, 6.995785631701608], [9.20555618397077, 6.998798668124095], [9.207479312220528, 7.004207181915945], [9.220017361612008, 7.002697991818934], [9.23236049733913, 7.011858532944984], [9.239726587012456, 7.014743417774582], [9.251509885772634, 7.016870558129824], [9.2569129433777, 7.015716031869431], [9.257515509832956, 7.014154789911686], [9.267715994597495, 7.016606021650603], [9.279471860438036, 7.016453873447574], [9.291507892974948, 7.018337848812735], [9.307999324309435, 7.029614555867113], [9.314453182168677, 7.027498183094735], [9.32795098804769, 7.032020101146827], [9.332033641239605, 7.036812984032053], [9.331861364410486, 7.04041200431061], [9.340174265729843, 7.049393726039682], [9.348679503256506, 7.054730436160753], [9.352233159932439, 7.055149645239965], [9.35513720481822, 7.060851880310054], [9.354589652590448, 7.064661701676243], [9.356884397796762, 7.06814211486676], [9.35557948780314, 7.071439420692741], [9.351672553145875, 7.074027899767827], [9.354361668156514, 7.083548284825554]]]}}, {"type": "Feature", "properties": {"level": 2, "state": "Benue", "name": "Logo"}, "geometry": {"type": "Polygon", "coordinates": [[[9.179125786226109, 7.90808343889961], [9.1457662578066, 7.970141887837883], [9.134352826821555, 7.988639704858542], [9.131834910352893, 7.985496549126481], [9.08973870387814, 7.969576865380077], [8.960449543211894, 7.932264454141318], [8.930366319649977, 7.835306769991519], [8.94896553433199, 7.806773958751251], [8.956149788282175, 7.80535481417337], [8.979983284800824, 7.806522117102077], [8.990669494301756, 7.80284525600382], [9.016905376781779, 7.802840611005422], [9.0327584549388, 7.775209184856067], [9.063631595321908, 7.760950360970412], [9.081982536864643, 7.726495773960835], [9.110299622329762, 7.705211254695712], [9.145568058918855, 7.664464873055522], [9.163441569273061, 7.672447325683606], [9.20175833168173, 7.650785154111645], [9.236443942833716, 7.591468782158643], [9.220871118607306, 7.581850300850761], [9.21731007400075, 7.578121084820282], [9.213062712674116, 7.576545192007075], [9.187595853965547, 7.574007268320827], [9.152705504955122, 7.597180037428814], [9.15823774297752, 7.547508665992211], [9.163982005165451, 7.5356969486553], [9.183309865857666, 7.518828464861826], [9.19091473182948, 7.514818406744098], [9.216228909037, 7.508592106140838], [9.223474386134058, 7.511967732125186], [9.2474557725659, 7.491433969602042], [9.254912924891642, 7.48130774185887], [9.259363684086793, 7.470002770011888], [9.267313760221896, 7.458837951210512], [9.294393240056024, 7.466011686690024], [9.302295126019317, 7.462987754980929], [9.327305875565742, 7.475726319014484], [9.336845703066786, 7.475716591047899], [9.359727624230516, 7.480102285192345], [9.365009333613898, 7.479748187928578], [9.37749779258911, 7.483911319651725], [9.399705083722665, 7.476060606911517], [9.4061709484306, 7.471911268989913], [9.438139989169201, 7.472535802285506], [9.449015235264937, 7.483380989441173], [9.467458305156697, 7.48480934307679], [9.470920652765983, 7.497586702964043], [9.48683778243776, 7.50584107190798], [9.477776878100485, 7.519613182702244], [9.48554642432805, 7.533177793820187], [9.501632493444845, 7.536521367067508], [9.51125967479419, 7.537762659918883], [9.512324049415383, 7.536725198409215], [9.52101586568972, 7.547470729890335], [9.512362129408814, 7.547343984837084], [9.506888412969943, 7.541819882081938], [9.504252979391538, 7.544638934739112], [9.508054894817576, 7.549895889383833], [9.501171564815934, 7.557160090365926], [9.501008543809291, 7.562019691255784], [9.498737210653815, 7.563970502436803], [9.495625550978446, 7.57019854322823], [9.495951864586914, 7.572285456009013], [9.485314563816132, 7.593100942854278], [9.488822229162622, 7.602868797956717], [9.483389677391756, 7.613916504343251], [9.48112492637432, 7.617655353012196], [9.4700706540375, 7.621212631257947], [9.459880525865628, 7.627141143848746], [9.464783536131335, 7.635064420186893], [9.46463309664017, 7.641881063660207], [9.45908073179038, 7.659722645383852], [9.451471167760246, 7.670936297372293], [9.450565618808298, 7.675702098972749], [9.451656816608875, 7.705925319997561], [9.444052665598065, 7.715152937058463], [9.446892167939268, 7.733240065176915], [9.434994863022553, 7.728957034939242], [9.40263419271389, 7.7213427602602], [9.377987938392664, 7.717688078242247], [9.379361999956359, 7.729652999586335], [9.376161999876444, 7.746329999729767], [9.381760999970197, 7.752092000145751], [9.378605000120729, 7.763909000100341], [9.381549000086352, 7.777653999932227], [9.378448000075196, 7.782921000004194], [9.379293000371717, 7.794901000280959], [9.38485699975081, 7.805314000240969], [9.380780999743365, 7.81485899974308], [9.385127999657527, 7.830626000189795], [9.386640548722369, 7.844702721253611], [9.314789772330187, 7.834815025193279], [9.272602081420985, 7.822949408788247], [9.22514152506136, 7.818335056617627], [9.19020461994728, 7.810424805160665], [9.130218505779453, 7.788012981214138], [9.12033081061844, 7.79328632420453], [9.115716934189209, 7.808447360557295], [9.124285698026597, 7.826904773736373], [9.140106200940465, 7.848657607762448], [9.149993896101478, 7.859863757606377], [9.162518500628323, 7.869092463746256], [9.17217063906378, 7.88663101171187], [9.17823123868078, 7.888528824046034], [9.18183803629637, 7.891685009155879], [9.183191299239127, 7.895742893220017], [9.179125786226109, 7.90808343889961]]]}}, {"type": "Feature", "properties": {"level": 2, "state": "Benue", "name": "Guma"}, "geometry": {"type": "Polygon", "coordinates": [[[9.134352826821555, 7.988639704858542], [9.114654540774495, 8.008017539977516], [9.062466620738007, 8.074473382340784], [9.057020187032037, 8.077641487065023], [9.025375366280173, 8.062576294160692], [8.964084069624164, 8.061274176562051], [8.910846710007718, 8.056263923941003], [8.780536652444596, 8.075201987881485], [8.696668624957113, 8.096394538876893], [8.637149811114966, 8.116233826030282], [8.588001250657214, 8.128858565570397], [8.560496330341437, 8.140131949629847], [8.52442455275093, 8.157265663279759], [8.512680054341104, 8.157776833434184], [8.503683090002653, 8.158167838874704], [8.466258048570126, 8.139229774934222], [8.42657852188131, 8.11217594106688], [8.390913337680445, 8.078293828297603], [8.371117592103246, 8.04634380282431], [8.363452911322838, 8.016584396352869], [8.360296248672967, 7.987276077229239], [8.360296248672967, 7.962283598309455], [8.344406738979842, 7.973415652110702], [8.339716166567882, 7.960989481979084], [8.347916116635531, 7.928151386777131], [8.373993544866266, 7.899226581741402], [8.389026786656927, 7.892634644673137], [8.39110648507625, 7.890456929144023], [8.39187894425794, 7.878803006853332], [8.398474556855376, 7.857377767969638], [8.401506974567269, 7.838208151984702], [8.405991763209329, 7.829635437425566], [8.406704139584406, 7.817674504574768], [8.410270257266632, 7.808094352372507], [8.415759319736878, 7.79995769119455], [8.420677249755329, 7.80079182408349], [8.419783551169985, 7.810653812123803], [8.42283120339738, 7.814315862287287], [8.43772509163972, 7.817263732934975], [8.43772468514618, 7.820687515816246], [8.44237588344032, 7.826137208665273], [8.442479398105775, 7.831497698659916], [8.445794318053402, 7.834367766259447], [8.449971911774355, 7.84628160611129], [8.49451520771072, 7.851383087759359], [8.549118358725309, 7.833336980417357], [8.56662239161011, 7.833578739767063], [8.580439091690778, 7.835609362182367], [8.616773069321766, 7.833566568342519], [8.65321751157893, 7.826367987292826], [8.667446550817715, 7.826966834152131], [8.681339757124135, 7.824439642075845], [8.684194898675685, 7.813065414337473], [8.68910952728288, 7.805970754446832], [8.688138382680279, 7.796499086563642], [8.691719905749096, 7.785808681725314], [8.715610195354259, 7.766674347043534], [8.693264768354425, 7.753142857956561], [8.703934761280266, 7.702598475938942], [8.696588999882465, 7.661138000218557], [8.715958000061676, 7.660577000428248], [8.767846999839207, 7.653304999626073], [8.763884371966242, 7.659022858618073], [8.779139801160966, 7.69087776279855], [8.818897753228782, 7.730040916754945], [8.856120229564965, 7.705739983213675], [8.878625286228043, 7.70471224877133], [8.891426756040005, 7.69257780612088], [8.898562431311177, 7.690912034163091], [8.908763256019483, 7.692337975816997], [8.929863596827602, 7.706562700108577], [8.939741035220663, 7.699320406611548], [8.956072943011975, 7.699498055990546], [8.983824818960272, 7.705222349631754], [8.980202276014268, 7.679048059020772], [8.984805672643745, 7.675778097980867], [8.99262087835092, 7.663908708919848], [8.99071564031459, 7.649557676645486], [8.997845463697217, 7.637090669199097], [8.995161696055504, 7.616969730568655], [8.99688515772391, 7.598633513625828], [9.004261601291887, 7.584519815137412], [9.008127222893052, 7.571629786385586], [9.022163307190908, 7.561629538372529], [9.043609171126377, 7.572247635919723], [9.048029740979814, 7.577696721726397], [9.079290546721381, 7.598659679400726], [9.101866049978298, 7.619663201895321], [9.13177220602256, 7.63081057115096], [9.147150732620275, 7.613214656331365], [9.152705504955122, 7.597180037428814], [9.187595853965547, 7.574007268320827], [9.213062712674116, 7.576545192007075], [9.21731007400075, 7.578121084820282], [9.220871118607306, 7.581850300850761], [9.236443942833716, 7.591468782158643], [9.20175833168173, 7.650785154111645], [9.163441569273061, 7.672447325683606], [9.145568058918855, 7.664464873055522], [9.110299622329762, 7.705211254695712], [9.081982536864643, 7.726495773960835], [9.063631595321908, 7.760950360970412], [9.0327584549388, 7.775209184856067], [9.016905376781779, 7.802840611005422], [8.990669494301756, 7.80284525600382], [8.979983284800824, 7.806522117102077], [8.956149788282175, 7.80535481417337], [8.94896553433199, 7.806773958751251], [8.930366319649977, 7.835306769991519], [8.960449543211894, 7.932264454141318], [9.08973870387814, 7.969576865380077], [9.131834910352893, 7.985496549126481], [9.134352826821555, 7.988639704858542]]]}}, {"type": "Feature", "properties": {"level": 2, "state": "Benue", "name": "Ado"}, "geometry": {"type": "Polygon", "coordinates": [[[7.817716096420781, 6.637506170573374], [7.821776867308643, 6.638922690929519], [7.831766604944903, 6.638468741938937], [7.833582878447146, 6.619396687107496], [7.844027041714639, 6.608498573050781], [7.846200968400012, 6.598260794300245], [7.85583353039317, 6.580799103296044], [7.878084183238514, 6.561727046665908], [7.899586254801875, 6.555954884810149], [7.925299468395792, 6.543769981199716], [7.932869856158959, 6.541549110802862], [7.944760342415918, 6.540019822656745], [7.950778277295683, 6.543111689153193], [7.954186256390642, 6.551826136866794], [7.955248691174233, 6.583411748053777], [7.959155246317607, 6.590753583011519], [7.973248238815245, 6.596771270577733], [7.987066268993146, 6.611223221174782], [7.988428592605487, 6.618034840135806], [7.987066268993146, 6.633473873120806], [7.978288213130554, 6.647921513267249], [7.978831892877622, 6.667121526337439], [7.974600013379984, 6.690289160316524], [7.974455105618688, 6.711260243365587], [7.984430910957826, 6.720462039991219], [8.009328243403786, 6.725019057683426], [8.019998760634337, 6.733300205739965], [8.031993555658119, 6.732458244252598], [8.062454230978005, 6.720163731271214], [8.075387955090093, 6.713848113599624], [8.08901023883152, 6.711577892006176], [8.098546028376575, 6.707036972178571], [8.103995322825938, 6.712031840996701], [8.112169266298622, 6.70930719377202], [8.127608299283622, 6.711577892006176], [8.136236190847569, 6.71611881363242], [8.144409180139576, 6.725200653287573], [8.147133827364314, 6.742909907866022], [8.152583121813677, 6.754716395645175], [8.160303116295836, 6.761074065615674], [8.145974999646569, 6.778975999942475], [8.139331999971887, 6.781852000369554], [8.135723999962693, 6.786984999658046], [8.126100999561515, 6.791063999803782], [8.11863699979773, 6.800176000022418], [8.111792999847125, 6.83347200033262], [8.114569000159293, 6.848173000183863], [8.109941999923421, 6.861615000431982], [8.096561299264579, 6.850855360386618], [8.094099210010597, 6.855987402796472], [8.085300828570439, 6.862186771402435], [8.088091573267548, 6.870434347767002], [8.108849547568639, 6.884087635635922], [8.12348484025324, 6.896064500876037], [8.167276049350221, 6.896944749200884], [8.192671956045956, 6.901074902784558], [8.197483365864684, 6.908933838925577], [8.191917877208311, 6.939448632748224], [8.182324159632287, 6.958734083211425], [8.17101545290086, 6.974433349419598], [8.164571182713985, 6.986170790849371], [8.14948300044017, 6.981453999602422], [8.105088000011222, 6.975063999903739], [8.086767999643541, 6.96915099971892], [8.07827600013735, 6.971832000146719], [8.053436000371164, 6.973432000186733], [8.013830999600998, 6.980986999650383], [7.988497999583046, 6.983488999917483], [7.978323999852762, 6.982049000061352], [7.947703999739872, 6.971507999594564], [7.938155000053257, 6.965910999593007], [7.950643218010157, 6.945435283811321], [7.954774684604047, 6.931996674906657], [7.96405145411137, 6.914423966193112], [7.889743210081122, 6.834539936269096], [7.88645887427765, 6.805100917773188], [7.887640476426895, 6.789345740713429], [7.890003680725329, 6.785407066283142], [7.900244713223003, 6.786194801349041], [7.903395652587335, 6.781468390953535], [7.894730091120834, 6.774378777158915], [7.888428210593474, 6.766500949858994], [7.878187655635827, 6.760199071130273], [7.874870689730585, 6.741040402592546], [7.868490374830969, 6.724916363199668], [7.855954642992401, 6.70009679423174], [7.830824604671818, 6.66194412302292], [7.813979306299984, 6.650145169763846], [7.811020853329751, 6.645724790566703], [7.817716096420781, 6.637506170573374]]]}}, {"type": "Feature", "properties": {"level": 2, "state": "Benue", "name": "Katsina-Ala"}, "geometry": {"type": "Polygon", "coordinates": [[[9.830075192016523, 7.587598206192297], [9.826466000405617, 7.581179000110808], [9.813608000109184, 7.572495999890521], [9.807739840121599, 7.566177605112443], [9.792579999867144, 7.554241999868452], [9.780509999936612, 7.539254000271967], [9.824833030320121, 7.502493130653534], [9.833874982344582, 7.496782423969762], [9.84514469087486, 7.49625457858599], [9.845772287261298, 7.486312796398465], [9.840537473026018, 7.468704783898716], [9.835778551239173, 7.459662832773574], [9.806709468866927, 7.381846525896492], [9.797191625293294, 7.361621107628082], [9.791718864833797, 7.357496707906819], [9.785056374152418, 7.346551187887087], [9.76506890120885, 7.320377116710631], [9.752014208389028, 7.326724083849456], [9.73037482473842, 7.345505886087835], [9.717490699136476, 7.347085076714961], [9.652087802809888, 7.391789032038218], [9.63833923986408, 7.399774472214176], [9.622673000358702, 7.403941999823473], [9.618353999937199, 7.400423000321268], [9.601573000393728, 7.401760999970236], [9.598621000059154, 7.400251999630143], [9.571842140202648, 7.442136565050475], [9.563421760006293, 7.461401906672677], [9.558146381850065, 7.4841796161964], [9.550058732824311, 7.488513871817759], [9.54826958197566, 7.506714738994049], [9.540575253245379, 7.512192539254329], [9.536474483210895, 7.517489166591815], [9.534806716556773, 7.525844230826635], [9.531255843282565, 7.532181668749047], [9.53075395503106, 7.537778167828208], [9.52101586568972, 7.547470729890335], [9.512324049415383, 7.536725198409215], [9.51125967479419, 7.537762659918883], [9.501632493444845, 7.536521367067508], [9.48554642432805, 7.533177793820187], [9.477776878100485, 7.519613182702244], [9.48683778243776, 7.50584107190798], [9.470920652765983, 7.497586702964043], [9.467458305156697, 7.48480934307679], [9.449015235264937, 7.483380989441173], [9.438139989169201, 7.472535802285506], [9.434924766264999, 7.457109714142064], [9.408525777342788, 7.450603920434617], [9.389000859901785, 7.431448750259676], [9.38783604629657, 7.424927904599144], [9.390110492005647, 7.411700346793623], [9.37286871941592, 7.396147690763371], [9.369641728882755, 7.39971775377137], [9.360959928358056, 7.402694019613364], [9.352992964753582, 7.401492379669662], [9.347334103086439, 7.394756696764205], [9.349180409448365, 7.382920902777471], [9.357002931140414, 7.376730998636731], [9.368726780216775, 7.363675722156927], [9.371407566605967, 7.357015865589801], [9.349029896212812, 7.349657519978621], [9.348667266181451, 7.339561710904263], [9.336618812208485, 7.336217839082053], [9.324561832662482, 7.337281772136123], [9.318234491428711, 7.33274995434698], [9.317545971369555, 7.320986904721906], [9.292425921818904, 7.309744596735811], [9.27352831927658, 7.278726214043616], [9.257055560565732, 7.273345706938869], [9.25368150299903, 7.25310732404381], [9.246346972334948, 7.243282581426058], [9.251249205586419, 7.237911178158413], [9.271236677630611, 7.236007609263822], [9.304739488736459, 7.236769037361228], [9.31256899995941, 7.240559999944082], [9.31563200001682, 7.238861999881465], [9.316698999759069, 7.219097000326371], [9.310107999784407, 7.209884999992823], [9.29378899996243, 7.196966999627364], [9.286247000198955, 7.188716999589928], [9.279950000292331, 7.18505899997291], [9.273830999600989, 7.178529000113315], [9.275773000123934, 7.165710999862824], [9.28101700003458, 7.154737000112505], [9.289549999632811, 7.148473999975181], [9.297153000410674, 7.138336000106392], [9.298708832046998, 7.13067493460062], [9.292787298195321, 7.117926388092371], [9.296436991673886, 7.109058304697044], [9.30151449829549, 7.105468498872199], [9.310265898252624, 7.10345206955742], [9.313416196400397, 7.098064899375629], [9.315347448226191, 7.095732636252194], [9.345028099267438, 7.088588355368358], [9.354361668156514, 7.083548284825554], [9.385615532031238, 7.074035295792328], [9.390788572734493, 7.065652574706633], [9.394773608115543, 7.049633579725992], [9.40000145260501, 7.048990116600635], [9.41019440374879, 7.059011594009917], [9.41550407755119, 7.067113467612501], [9.419649283987326, 7.069442521954898], [9.423536658390105, 7.06936005861985], [9.427903196075704, 7.064842131759008], [9.432933062910593, 7.064740995800378], [9.441327887072362, 7.069002594294318], [9.450540382033068, 7.067370067574586], [9.457587752872541, 7.076234932296359], [9.464235149332751, 7.08193763771186], [9.467797463781949, 7.082507647809734], [9.47238226692815, 7.079985082745395], [9.472387536955296, 7.058986886935315], [9.474682936868078, 7.052649978713589], [9.477530391914115, 7.050650007891591], [9.478346505986508, 7.035807709258449], [9.48296211630867, 7.029275008734714], [9.486380609377647, 7.028905445829707], [9.490590978890623, 7.031508717853114], [9.494135065880641, 7.038774115832837], [9.500274772562761, 7.041305137222366], [9.520134551668264, 7.037666469432054], [9.526327848951098, 7.033620331413204], [9.534296512274295, 7.013430364419833], [9.532718981795597, 7.0077306150759], [9.52156892806363, 7.002265309096799], [9.521425050925416, 6.996738290739586], [9.523610351336686, 6.989547228022218], [9.599184703211506, 7.000732786988578], [9.605609246769347, 7.018578744813283], [9.615602983690792, 7.033569348846413], [9.625596719712917, 7.041421569749673], [9.641301163318076, 7.050701467998408], [9.66699934114672, 7.064978234258149], [9.72410640618574, 7.080682676964045], [9.737985610947248, 7.078073026049367], [9.761715888677372, 7.101144313859038], [9.824008941959164, 7.172336103028783], [9.83455562614131, 7.199362754887261], [9.835214615162386, 7.217160702404556], [9.828622818388396, 7.236277102806071], [9.824958801407604, 7.254598140991448], [9.828292847237151, 7.257370948710388], [9.840817450864733, 7.279782772656858], [9.855978965656789, 7.325266361053764], [9.865207671796668, 7.362840176433053], [9.882676124803368, 7.414256095942108], [9.888607979274866, 7.46171760558309], [9.884653090967447, 7.507860184799711], [9.870810509297598, 7.540160178749318], [9.845761299344531, 7.574437618201557], [9.839988707612804, 7.579274177561274], [9.830075192016523, 7.587598206192297]]]}}, {"type": "Feature", "properties": {"level": 2, "state": "Benue", "name": "Oturkpo"}, "geometry": {"type": "Polygon", "coordinates": [[[8.053436000371164, 6.973432000186733], [8.07827600013735, 6.971832000146719], [8.086767999643541, 6.96915099971892], [8.105088000011222, 6.975063999903739], [8.14948300044017, 6.981453999602422], [8.164571182713985, 6.986170790849371], [8.193534000293937, 6.995224999733978], [8.211251999879948, 7.006674999851384], [8.224439000059874, 7.023273999995126], [8.235517701580704, 7.044531920911481], [8.240513581236826, 7.047840399914548], [8.238245546794587, 7.058732273575629], [8.241335399708987, 7.065949877085188], [8.246045994627025, 7.105689986603636], [8.24893514943767, 7.109437700789329], [8.256124131123784, 7.126036978823549], [8.234704626317523, 7.175775823695346], [8.2429702223979, 7.192431884024302], [8.232745517091985, 7.219533940439021], [8.220333151553746, 7.239828586719966], [8.219945605805094, 7.271304569650226], [8.209696372389715, 7.279280109189756], [8.186021751902388, 7.318237096265023], [8.181023668007924, 7.31883634422195], [8.171900452344062, 7.331873561415762], [8.158782167563004, 7.360916425852395], [8.134262187949673, 7.375521734240692], [8.115996867261686, 7.369994766245497], [8.10961677809189, 7.376628189939083], [8.091301175408944, 7.389587953920966], [8.06805498205182, 7.415252501601742], [8.096370568347083, 7.418345800718157], [8.11100771723244, 7.422088690041051], [8.106133999684403, 7.438877000173477], [8.103782000039303, 7.464723999612943], [8.090140999607513, 7.505509999986543], [8.082382999775689, 7.553567000216958], [8.076825999820073, 7.611871999992843], [8.066763999858779, 7.600606000266737], [8.054639000089821, 7.592517999606059], [8.032413000359725, 7.573308999610674], [8.022101999707559, 7.56334499967204], [8.012198999883992, 7.550148999976443], [7.997240999872304, 7.538189999768747], [7.963704000139558, 7.518480000052023], [7.932206000006943, 7.496432000436528], [7.915712000208714, 7.489340999887304], [7.893738999555239, 7.471509000440051], [7.854799999820159, 7.445901000330934], [7.833370091656434, 7.42250023599712], [7.821511481869436, 7.41638228661327], [7.815919345401539, 7.408826814106249], [7.820145889221465, 7.409861264685674], [7.850814146056052, 7.404034980729818], [7.861761924273424, 7.400285522758736], [7.866942623603222, 7.396163222954442], [7.867016710652706, 7.388387977723028], [7.855320504038104, 7.381045479065676], [7.85463054056703, 7.377397550956232], [7.856198974403185, 7.364161982889243], [7.860489790971144, 7.361398860868803], [7.87022895320365, 7.358942897796567], [7.871451342305647, 7.357103750937426], [7.870999024685261, 7.355186806426047], [7.867308165639372, 7.352594194066853], [7.867933003805149, 7.350075850420183], [7.883346657022628, 7.354490071959276], [7.904701059906017, 7.357355758961148], [7.912341640654233, 7.355751461061118], [7.919487419808604, 7.350060861419649], [7.932284782416843, 7.350651589199515], [7.953995398668781, 7.347055637407777], [7.969600503160734, 7.347957795016271], [7.996125139063963, 7.339955581584888], [8.006919015400285, 7.331406129789116], [8.014477075256877, 7.329847467986326], [8.02088867936908, 7.332110637995584], [8.030835266634313, 7.34006814432945], [8.04469605597825, 7.348208939690835], [8.041331266824557, 7.328254255129821], [8.03736873338039, 7.319624031623789], [8.037234672342322, 7.316315394340052], [8.03875996300195, 7.309988028824534], [8.046263541029646, 7.298930475760869], [8.060299067747849, 7.284730912701491], [8.062537147571334, 7.278157907261686], [8.058778340248239, 7.269707710942157], [8.059572331897641, 7.263403089281212], [8.066302474979295, 7.256996315427671], [8.076392305360628, 7.252571340694885], [8.083340633863202, 7.246066144137274], [8.097822426663697, 7.227435390231108], [8.104581769832862, 7.224688364276631], [8.10198283434039, 7.217944788920931], [8.08919771600182, 7.212718017322686], [8.084586644558044, 7.206542689393643], [8.077003718446917, 7.19988334813803], [8.068512125434268, 7.196506479290633], [8.074571376068207, 7.191356632102952], [8.074839713981646, 7.153758342573497], [8.064892659968336, 7.15224756607239], [8.050308015302733, 7.141095379148453], [7.969512267976825, 7.106286491628339], [7.972146188895522, 7.105242447081309], [7.969154307225551, 7.091552128727812], [7.97191178959747, 7.07461656180493], [7.981710999563006, 7.063100000164923], [7.988791999651085, 7.058831000250507], [8.004433999729372, 7.041746000177795], [8.013155999949504, 7.024778000104675], [8.013520999694435, 7.018781999689566], [8.02630900036013, 6.996444000190479], [8.035143000349251, 6.986386000413631], [8.045154999803458, 6.977922000400042], [8.053436000371164, 6.973432000186733]]]}}, {"type": "Feature", "properties": {"level": 2, "state": "Plateau", "name": "Qua'An Pan"}, "geometry": {"type": "Polygon", "coordinates": [[[8.996002859844168, 8.518417300018427], [9.005145072786945, 8.513740540293725], [9.010276794138804, 8.515272140596835], [9.013636589357134, 8.512063025887983], [9.019470215378192, 8.50987529820651], [9.026385306736586, 8.512754439965477], [9.03677654310303, 8.512515068315793], [9.043380737031441, 8.518355370004372], [9.049360275356491, 8.519665718198382], [9.05916214012069, 8.512280463972274], [9.059874535381539, 8.496867181275434], [9.066352844008577, 8.49252033334676], [9.069934844617421, 8.487661361982305], [9.075792312565227, 8.485990524143403], [9.08010959618099, 8.488046646835357], [9.08830356575703, 8.483602524636865], [9.10141277278126, 8.473614692664], [9.103188514738235, 8.464233397653231], [9.096802711276155, 8.448313713906828], [9.09715843181624, 8.440607070759768], [9.10109329222172, 8.438851356704788], [9.121526718283462, 8.438224791840696], [9.12443447107404, 8.43409633617705], [9.127536774202838, 8.433738708174872], [9.128458976800403, 8.430414199655615], [9.132393837205882, 8.428657532319335], [9.138598441664783, 8.438313483880222], [9.145819664046314, 8.443388939148292], [9.152475356752348, 8.452715874637931], [9.174925803882786, 8.46722602755915], [9.177026748785465, 8.463459014821751], [9.182617187333392, 8.467567444382098], [9.202290535180111, 8.458788872308673], [9.21199417059455, 8.457288741981927], [9.254297256213476, 8.459166527313414], [9.261898994343142, 8.461435318085535], [9.263910293924994, 8.459594726915157], [9.273346900838874, 8.463871002344945], [9.288908005100382, 8.460703850002744], [9.290740967321824, 8.462716102865897], [9.311624526550702, 8.469434738222617], [9.321233749338091, 8.469747543114693], [9.336265563904703, 8.478251456839303], [9.343868256215103, 8.480519295229328], [9.351559638766389, 8.480860710253637], [9.355316161811459, 8.482957840232189], [9.353287535891127, 8.512756645103138], [9.377633593815347, 8.561326465743832], [9.381884190902724, 8.57799857537401], [9.390013802295186, 8.583879949100435], [9.399199802329065, 8.605212091065198], [9.401791375071923, 8.61784117073347], [9.369532635722635, 8.628682783983322], [9.356904301592294, 8.638517910173448], [9.345642089810667, 8.650482177710387], [9.34054946918269, 8.677283286794307], [9.336169242916299, 8.688671112282066], [9.33965873656149, 8.69654846204196], [9.341135979142166, 8.706266402972176], [9.344803810147766, 8.710289956316501], [9.347579956150128, 8.733579636391141], [9.351158141834844, 8.739529610403224], [9.348077774070077, 8.764490128316822], [9.343593628443273, 8.769089688438441], [9.345162314089578, 8.787975282333434], [9.362034798067498, 8.795997619894308], [9.361767768667619, 8.801776886394236], [9.376793860848068, 8.810166358690537], [9.380461692752988, 8.814189911135543], [9.403000831922895, 8.826773643389004], [9.40054416737945, 8.838248252554877], [9.390662192806019, 8.84360027273442], [9.386905669760893, 8.841503142755869], [9.379214287209663, 8.841161727731617], [9.357974052360703, 8.842148781341223], [9.351938247951807, 8.847672462314335], [9.34371280660082, 8.858890533571298], [9.341522217276577, 8.864584922955885], [9.341076851415608, 8.874217032590025], [9.342732429558055, 8.880082130386029], [9.340541840233811, 8.885777473051974], [9.331065924852624, 8.886937433915477], [9.328213769050251, 8.903609728805975], [9.339651107612553, 8.90504169501827], [9.349941253885788, 8.932526589230747], [9.355353355073305, 8.94048881520672], [9.354729651851983, 8.953973769773711], [9.352361679348064, 8.963521958271826], [9.335820198043734, 8.987883568172208], [9.32987403895578, 8.991480827578187], [9.3277730940531, 8.99524879539564], [9.32759475669269, 8.99910163942917], [9.321558952283851, 9.004625321301603], [9.319279670920139, 9.012246132253267], [9.32084655792238, 9.020037650717029], [9.319776534659411, 9.043155669998214], [9.322910308663836, 9.05873870782517], [9.322464942802924, 9.068371773438628], [9.323942183584961, 9.078089714368843], [9.321767807238587, 9.103273392752897], [9.326322822140583, 9.108392118001916], [9.320734863023574, 9.113737259267168], [9.319434100703234, 9.120339195897202], [9.317877778936406, 9.120660416644967], [9.301289852145032, 9.105222398095236], [9.29162669971248, 9.111107725241368], [9.270491508376438, 9.112752668900612], [9.265618449132148, 9.111258655762413], [9.262918333614266, 9.10522759527737], [9.262851972640476, 9.100690003840668], [9.24282708160456, 9.071498609173545], [9.230331712238751, 9.07017680001934], [9.218568557393041, 9.033874240204057], [9.183957901136296, 9.0405384728723], [9.156139228043003, 9.025700916364258], [9.131177780230416, 9.042603773145686], [9.093318639643542, 9.018679991888177], [9.079732796431472, 9.02830727036428], [9.05688089283899, 9.026317573397364], [9.054117000099552, 9.02490813070574], [9.062741279986142, 9.01822853132171], [9.0669631958948, 9.00792694117547], [9.07073783937983, 8.987840651624822], [9.06836795761518, 8.979869843418612], [9.067069054193553, 8.96629810427413], [9.071182251060065, 8.960689545286357], [9.073461533323155, 8.953068734334693], [9.071894646320914, 8.945277214072235], [9.068227767697351, 8.941252708345871], [9.062547683828598, 8.939070702151241], [9.045955657927323, 8.922889708693162], [9.044477462964608, 8.913171767762947], [9.031820296569492, 8.895235062048528], [9.023541450777373, 8.865909575766352], [9.01620674114821, 8.857862472675038], [9.01061630170102, 8.853753089833276], [9.003014565369938, 8.85148525234257], [8.999079704065139, 8.85324096729687], [8.989554405111733, 8.850887299409408], [8.985619544706253, 8.85264301256501], [8.973994255030902, 8.854057311595682], [8.95878982459078, 8.84952163661427], [8.95530033094559, 8.841644286854375], [8.94979858443719, 8.835607529164179], [8.95109939622023, 8.82714271526413], [8.950596809195417, 8.815776825140404], [8.945146560565377, 8.799559592601156], [8.93832683601471, 8.79367256213908], [8.932709693897323, 8.785508155976686], [8.923966407623652, 8.782485009375705], [8.907889365901553, 8.783555030840034], [8.900554657171767, 8.775506972668722], [8.901088715072206, 8.763946533106093], [8.904689789402312, 8.758125305138776], [8.904410361948692, 8.75503444678236], [8.896033286806812, 8.748279572344416], [8.891933441275341, 8.740353583651029], [8.892136573843857, 8.73293018288166], [8.90283680017825, 8.71933078778568], [8.910737990965572, 8.702993394129862], [8.913947104775104, 8.686176300296097], [8.92570686288144, 8.677200317140944], [8.934799194027619, 8.66788101239888], [8.940243721170816, 8.667230605607983], [8.942276001036646, 8.652189254630457], [8.949756622070481, 8.63394260386815], [8.951176642588052, 8.621312141042552], [8.958310127110735, 8.612245560184476], [8.970023154644934, 8.605570792857861], [8.977794647005396, 8.605191231290348], [8.98343181612546, 8.596580505086308], [8.983180046422035, 8.585113525768634], [8.98102188125489, 8.578203200817086], [8.987382888609488, 8.564522744429155], [8.98409462007072, 8.558160781994559], [8.984020232647651, 8.553231239030481], [8.978455544387884, 8.549236297617085], [8.974966048944054, 8.54135894785719], [8.975144386304407, 8.53750610382366], [8.982460022212308, 8.527254104993006], [8.996002859844168, 8.518417300018427]]]}}, {"type": "Feature", "properties": {"level": 2, "state": "Benue", "name": "Oju"}, "geometry": {"type": "Polygon", "coordinates": [[[8.160303116295836, 6.761074065615674], [8.173017502056098, 6.77333450328473], [8.191635132155682, 6.778329372102917], [8.21297740858057, 6.776058673868761], [8.220243454072204, 6.778783321093442], [8.226146698411469, 6.789681911790865], [8.229325293727356, 6.800125599317028], [8.234319686804156, 6.79921770133592], [8.240676880133947, 6.792406082374839], [8.249758719789156, 6.775604724878178], [8.249758719789156, 6.768339156926572], [8.255661964128365, 6.766068936232443], [8.26608981279469, 6.741573250005558], [8.262490850972029, 6.737931832088407], [8.25157546993205, 6.735644816555066], [8.268831253059943, 6.727925301411574], [8.273825645237366, 6.716572761723626], [8.273825645237366, 6.712940215618517], [8.280183791848572, 6.715210438111285], [8.285632133016577, 6.710215570192474], [8.280183791848572, 6.704766273045095], [8.278820991595524, 6.697955131624099], [8.294514655926662, 6.678709030097707], [8.299398421599903, 6.679910182608864], [8.307367325042094, 6.677557944643468], [8.321065902769249, 6.678613185749953], [8.340502738810414, 6.684218883994333], [8.361105919102954, 6.693262099566311], [8.37489795707512, 6.706943988574267], [8.393416405442792, 6.742407799280556], [8.40832328798939, 6.752637862747235], [8.419765472098902, 6.757152080803962], [8.435746192832596, 6.758190154751901], [8.443707466426474, 6.754691123796363], [8.450499535025585, 6.747755051254671], [8.468745231607215, 6.746480942141829], [8.480187415716728, 6.750996112580594], [8.496185302709591, 6.754329206028103], [8.508768081681694, 6.758834839156577], [8.535016060043176, 6.759802818145602], [8.544134139678874, 6.758592129223416], [8.578411101591087, 6.765244007005379], [8.62074089077953, 6.781025886735335], [8.636840820247699, 6.798137188380565], [8.640314101814397, 6.805000781860656], [8.641556740051556, 6.818769932086752], [8.637044906996891, 6.825689793449271], [8.620000838667806, 6.834991931932166], [8.602361172730014, 6.849528434989338], [8.59914599928851, 6.847951641055431], [8.581836999677819, 6.856387000359803], [8.548719000381595, 6.876764000258447], [8.53175300040067, 6.883270999956721], [8.53724071928383, 6.899651785901256], [8.547121861085088, 6.919934732002332], [8.546247807290513, 6.943676048910561], [8.54408632722226, 6.955126391669694], [8.532742197094763, 6.976532547838872], [8.525543494636622, 7.033350085138352], [8.520940000880387, 7.038568208855793], [8.51410144812337, 7.064411300740971], [8.493545129704046, 7.071607503983159], [8.477440703625632, 7.064112134067784], [8.431762999263071, 7.049977916647606], [8.422851264574263, 7.0525302141981], [8.415392400838698, 7.045225100358152], [8.424025509369812, 7.022616452587272], [8.423707491107905, 7.015424510332934], [8.43245641343276, 7.006127978223674], [8.406335000260128, 6.987704000039628], [8.40770699967834, 6.972701999797493], [8.401747000024102, 6.946536000036417], [8.389177000418272, 6.939604999671019], [8.377186999680362, 6.925522000440026], [8.368201999922405, 6.912080000191906], [8.341991999930883, 6.889023999957658], [8.295481999994365, 6.894416000398166], [8.279794999639591, 6.894453000305759], [8.26788248988504, 6.898583001004738], [8.271708946011074, 6.920732675272802], [8.205575081624772, 6.907708557603883], [8.197483365864684, 6.908933838925577], [8.192671956045956, 6.901074902784558], [8.167276049350221, 6.896944749200884], [8.12348484025324, 6.896064500876037], [8.108849547568639, 6.884087635635922], [8.088091573267548, 6.870434347767002], [8.085300828570439, 6.862186771402435], [8.094099210010597, 6.855987402796472], [8.096561299264579, 6.850855360386618], [8.109941999923421, 6.861615000431982], [8.114569000159293, 6.848173000183863], [8.111792999847125, 6.83347200033262], [8.11863699979773, 6.800176000022418], [8.126100999561515, 6.791063999803782], [8.135723999962693, 6.786984999658046], [8.139331999971887, 6.781852000369554], [8.145974999646569, 6.778975999942475], [8.160303116295836, 6.761074065615674]]]}}, {"type": "Feature", "properties": {"level": 2, "state": "Benue", "name": "Makurdi"}, "geometry": {"type": "Polygon", "coordinates": [[[8.415759319736878, 7.79995769119455], [8.41546965170312, 7.792048194268773], [8.420060107987638, 7.782645516077764], [8.418978880970656, 7.778193068855103], [8.420590565901932, 7.77424471142433], [8.41199397973844, 7.768508910957507], [8.403155326657043, 7.766182899021601], [8.385478019594984, 7.768043518093918], [8.389983999861727, 7.759420999979227], [8.389346000117882, 7.719798000177605], [8.39164231374184, 7.684548341432844], [8.394255051129733, 7.683714960377188], [8.399432889716138, 7.67773877742269], [8.40912763982874, 7.676847919795705], [8.41157736610262, 7.674430721100919], [8.408073625397549, 7.672031615866445], [8.408166468707634, 7.663439193563988], [8.40521101407711, 7.653260627076349], [8.406654919688833, 7.642774417805185], [8.412132999638288, 7.631163000172364], [8.423403000448161, 7.614842000258136], [8.451425000363542, 7.578884000396329], [8.474492000205714, 7.564436999667862], [8.484794000442832, 7.559655000378029], [8.52364000038574, 7.550930000019548], [8.546278000229563, 7.552851999620145], [8.55993899978506, 7.556076999953632], [8.582706000181815, 7.565829000008364], [8.601682000224173, 7.569656000224256], [8.619217000364301, 7.584106000191809], [8.633073999965177, 7.599309999856644], [8.651235000195129, 7.609600000439741], [8.66520599965719, 7.631945000261624], [8.674937999689007, 7.652320000068016], [8.689132000441532, 7.656424999614103], [8.696588999882465, 7.661138000218557], [8.703934761280266, 7.702598475938942], [8.693264768354425, 7.753142857956561], [8.715610195354259, 7.766674347043534], [8.691719905749096, 7.785808681725314], [8.688138382680279, 7.796499086563642], [8.68910952728288, 7.805970754446832], [8.684194898675685, 7.813065414337473], [8.681339757124135, 7.824439642075845], [8.667446550817715, 7.826966834152131], [8.65321751157893, 7.826367987292826], [8.616773069321766, 7.833566568342519], [8.580439091690778, 7.835609362182367], [8.56662239161011, 7.833578739767063], [8.549118358725309, 7.833336980417357], [8.49451520771072, 7.851383087759359], [8.449971911774355, 7.84628160611129], [8.445794318053402, 7.834367766259447], [8.442479398105775, 7.831497698659916], [8.44237588344032, 7.826137208665273], [8.43772468514618, 7.820687515816246], [8.43772509163972, 7.817263732934975], [8.42283120339738, 7.814315862287287], [8.419783551169985, 7.810653812123803], [8.420677249755329, 7.80079182408349], [8.415759319736878, 7.79995769119455]]]}}, {"type": "Feature", "properties": {"level": 2, "state": "Benue", "name": "Gboko"}, "geometry": {"type": "Polygon", "coordinates": [[[9.103903343564525, 7.209391214632888], [9.105003442854638, 7.233158730591015], [9.106763739854784, 7.239399611902627], [9.125702502568515, 7.24614381228713], [9.138776313176379, 7.263380387694781], [9.146196453903258, 7.270165684398876], [9.151761369691485, 7.279606085552473], [9.169393521793666, 7.273526643339949], [9.179501650680663, 7.274824514339912], [9.187193891185188, 7.28116540655833], [9.187255089151108, 7.298538208571529], [9.18545693159217, 7.299667335279366], [9.181757927386514, 7.315104575016164], [9.191631718129315, 7.331594966734372], [9.191521840760402, 7.349965009877337], [9.181234447311965, 7.350541163244145], [9.184001000246042, 7.358008000368955], [9.184282999760683, 7.367997999707995], [9.182154999653562, 7.369682000024341], [9.176698720169838, 7.367343340023183], [9.168966151366817, 7.384447335576112], [9.161232884689923, 7.393452855165208], [9.159245991809144, 7.392536360564634], [9.148523466784638, 7.396160462035766], [9.143971747897922, 7.408613271885031], [9.139611873289368, 7.413303613171252], [9.13154609217844, 7.406105345085678], [9.11206181600005, 7.41671698460118], [9.118996719423137, 7.430117089931798], [9.118098674414341, 7.444940445245379], [9.115967378291941, 7.449352151380708], [9.10896217306589, 7.45824137513938], [9.093626793241981, 7.4602207343994], [9.08946263988895, 7.470341558116445], [9.082355859835104, 7.475139791967877], [9.076972291438153, 7.48191562240811], [9.050464144604632, 7.482491082397587], [9.048349926607898, 7.484145768412532], [9.030333997815774, 7.483093184802669], [9.018387442426558, 7.489897220680234], [9.008534363969773, 7.491119198792035], [8.998937012233398, 7.489347901284646], [8.97287846976559, 7.495430194348046], [8.971366829016006, 7.503254917580421], [8.966547757872775, 7.515008884952124], [8.950398901688004, 7.518446667579667], [8.940307558646964, 7.511260944137291], [8.93666974880989, 7.497322098136351], [8.928764854614371, 7.492899188247009], [8.922739324959934, 7.486526595825808], [8.917229426097208, 7.469380363612913], [8.910089379221517, 7.452140726013738], [8.907491777423616, 7.44946338133002], [8.878712738102422, 7.450718056992798], [8.87452291989689, 7.461562682072156], [8.866056926985664, 7.475588641802403], [8.865953996879512, 7.478956345658901], [8.845952490015463, 7.500829918166232], [8.841424595968363, 7.499190863267756], [8.828869498128881, 7.50878255377188], [8.821349335703303, 7.507933925610246], [8.81470078721162, 7.537515222249738], [8.807392975405548, 7.536680568653367], [8.772955257878891, 7.549187886411858], [8.755886325093854, 7.558618380633789], [8.741360999710423, 7.548166000260778], [8.724743999635905, 7.53346999974076], [8.711226000379668, 7.524943999565949], [8.694635999751654, 7.511858999593187], [8.68746058164055, 7.500499762653988], [8.646814825144133, 7.489037079397747], [8.65153275403344, 7.479722243386846], [8.654985361984927, 7.468438069261538], [8.654065635220945, 7.417728096874214], [8.650978885866948, 7.411077854059783], [8.639310963829985, 7.356526185635005], [8.668728824875416, 7.308783061389192], [8.674286575764881, 7.297098702443236], [8.694094022421268, 7.242730834760266], [8.718236348828498, 7.206474325629699], [8.731623964374478, 7.180074994965082], [8.73345856785869, 7.178889866574139], [8.75655680565211, 7.18306830026188], [8.776371087156008, 7.180372303638933], [8.812368818166476, 7.183625256700282], [8.826182986655567, 7.18219339391004], [8.841577424058926, 7.187137687554298], [8.853553066221082, 7.213722295647472], [8.866346426846178, 7.222853889395537], [8.873228523877344, 7.234091073943944], [8.869585124753769, 7.256249584051091], [8.894736732414344, 7.269819859099243], [8.89923032092264, 7.270708213013677], [8.90367106976413, 7.276280573389784], [8.927374089942361, 7.274157566318706], [8.939953463181837, 7.283805200049983], [8.942149630101369, 7.286963684726345], [8.958261155428033, 7.276302442203985], [8.984371774038209, 7.284223177957358], [8.988552920081247, 7.272140095589009], [8.997185164363884, 7.261507607090437], [9.002049969630434, 7.246149076019094], [9.005278278569733, 7.242507010590089], [9.021882254662387, 7.24505980636502], [9.027765930653231, 7.247317551663741], [9.036261342187231, 7.247286821829391], [9.052507147986546, 7.236382317190248], [9.062464138609187, 7.224656581336205], [9.103903343564525, 7.209391214632888]]]}}, {"type": "Feature", "properties": {"level": 2, "state": "Benue", "name": "Ukum"}, "geometry": {"type": "Polygon", "coordinates": [[[9.797699928409031, 7.614686011949914], [9.74721336380577, 7.654858111712542], [9.701729773610225, 7.710229397069043], [9.669429778761355, 7.76296377216039], [9.643062591665341, 7.7998781200792], [9.60153484305863, 7.829541205562236], [9.56132412011209, 7.838776200661187], [9.499361037981544, 7.842724800009535], [9.386640548722369, 7.844702721253611], [9.385127999657527, 7.830626000189795], [9.380780999743365, 7.81485899974308], [9.38485699975081, 7.805314000240969], [9.379293000371717, 7.794901000280959], [9.378448000075196, 7.782921000004194], [9.381549000086352, 7.777653999932227], [9.378605000120729, 7.763909000100341], [9.381760999970197, 7.752092000145751], [9.376161999876444, 7.746329999729767], [9.379361999956359, 7.729652999586335], [9.377987938392664, 7.717688078242247], [9.40263419271389, 7.7213427602602], [9.434994863022553, 7.728957034939242], [9.446892167939268, 7.733240065176915], [9.444052665598065, 7.715152937058463], [9.451656816608875, 7.705925319997561], [9.450565618808298, 7.675702098972749], [9.451471167760246, 7.670936297372293], [9.45908073179038, 7.659722645383852], [9.46463309664017, 7.641881063660207], [9.464783536131335, 7.635064420186893], [9.459880525865628, 7.627141143848746], [9.4700706540375, 7.621212631257947], [9.48112492637432, 7.617655353012196], [9.483389677391756, 7.613916504343251], [9.488822229162622, 7.602868797956717], [9.485314563816132, 7.593100942854278], [9.495951864586914, 7.572285456009013], [9.495625550978446, 7.57019854322823], [9.498737210653815, 7.563970502436803], [9.501008543809291, 7.562019691255784], [9.501171564815934, 7.557160090365926], [9.508054894817576, 7.549895889383833], [9.504252979391538, 7.544638934739112], [9.506888412969943, 7.541819882081938], [9.512362129408814, 7.547343984837084], [9.52101586568972, 7.547470729890335], [9.53075395503106, 7.537778167828208], [9.531255843282565, 7.532181668749047], [9.534806716556773, 7.525844230826635], [9.536474483210895, 7.517489166591815], [9.540575253245379, 7.512192539254329], [9.54826958197566, 7.506714738994049], [9.550058732824311, 7.488513871817759], [9.558146381850065, 7.4841796161964], [9.563421760006293, 7.461401906672677], [9.571842140202648, 7.442136565050475], [9.598621000059154, 7.400251999630143], [9.601573000393728, 7.401760999970236], [9.618353999937199, 7.400423000321268], [9.622673000358702, 7.403941999823473], [9.63833923986408, 7.399774472214176], [9.652087802809888, 7.391789032038218], [9.717490699136476, 7.347085076714961], [9.73037482473842, 7.345505886087835], [9.752014208389028, 7.326724083849456], [9.76506890120885, 7.320377116710631], [9.785056374152418, 7.346551187887087], [9.791718864833797, 7.357496707906819], [9.797191625293294, 7.361621107628082], [9.806709468866927, 7.381846525896492], [9.835778551239173, 7.459662832773574], [9.840537473026018, 7.468704783898716], [9.845772287261298, 7.486312796398465], [9.84514469087486, 7.49625457858599], [9.833874982344582, 7.496782423969762], [9.824833030320121, 7.502493130653534], [9.780509999936612, 7.539254000271967], [9.792579999867144, 7.554241999868452], [9.807739840121599, 7.566177605112443], [9.813608000109184, 7.572495999890521], [9.826466000405617, 7.581179000110808], [9.830075192016523, 7.587598206192297], [9.816366195643468, 7.597847462090726], [9.797699928409031, 7.614686011949914]]]}}, {"type": "Feature", "properties": {"level": 2, "state": "Benue", "name": "Obi"}, "geometry": {"type": "Polygon", "coordinates": [[[8.197483365864684, 6.908933838925577], [8.205575081624772, 6.907708557603883], [8.271708946011074, 6.920732675272802], [8.26788248988504, 6.898583001004738], [8.279794999639591, 6.894453000305759], [8.295481999994365, 6.894416000398166], [8.341991999930883, 6.889023999957658], [8.368201999922405, 6.912080000191906], [8.377186999680362, 6.925522000440026], [8.389177000418272, 6.939604999671019], [8.401747000024102, 6.946536000036417], [8.40770699967834, 6.972701999797493], [8.406335000260128, 6.987704000039628], [8.43245641343276, 7.006127978223674], [8.423707491107905, 7.015424510332934], [8.424025509369812, 7.022616452587272], [8.415392400838698, 7.045225100358152], [8.422851264574263, 7.0525302141981], [8.421436014960193, 7.069384464421546], [8.41040749560949, 7.091193837026026], [8.407530123716299, 7.101687700427078], [8.405361438279783, 7.103203635439456], [8.387468715708735, 7.103034527821251], [8.359718114999055, 7.119178865812046], [8.338392609131631, 7.115554732864666], [8.320076947992789, 7.130144882280547], [8.305605395772432, 7.125021868164708], [8.256124131123784, 7.126036978823549], [8.24893514943767, 7.109437700789329], [8.246045994627025, 7.105689986603636], [8.241335399708987, 7.065949877085188], [8.238245546794587, 7.058732273575629], [8.240513581236826, 7.047840399914548], [8.235517701580704, 7.044531920911481], [8.224439000059874, 7.023273999995126], [8.211251999879948, 7.006674999851384], [8.193534000293937, 6.995224999733978], [8.164571182713985, 6.986170790849371], [8.17101545290086, 6.974433349419598], [8.182324159632287, 6.958734083211425], [8.191917877208311, 6.939448632748224], [8.197483365864684, 6.908933838925577]]]}}, {"type": "Feature", "properties": {"level": 2, "state": "Benue", "name": "Buruku"}, "geometry": {"type": "Polygon", "coordinates": [[[9.313416196400397, 7.098064899375629], [9.310265898252624, 7.10345206955742], [9.30151449829549, 7.105468498872199], [9.296436991673886, 7.109058304697044], [9.292787298195321, 7.117926388092371], [9.298708832046998, 7.13067493460062], [9.297153000410674, 7.138336000106392], [9.289549999632811, 7.148473999975181], [9.28101700003458, 7.154737000112505], [9.275773000123934, 7.165710999862824], [9.273830999600989, 7.178529000113315], [9.279950000292331, 7.18505899997291], [9.286247000198955, 7.188716999589928], [9.29378899996243, 7.196966999627364], [9.310107999784407, 7.209884999992823], [9.316698999759069, 7.219097000326371], [9.31563200001682, 7.238861999881465], [9.31256899995941, 7.240559999944082], [9.304739488736459, 7.236769037361228], [9.271236677630611, 7.236007609263822], [9.251249205586419, 7.237911178158413], [9.246346972334948, 7.243282581426058], [9.25368150299903, 7.25310732404381], [9.257055560565732, 7.273345706938869], [9.27352831927658, 7.278726214043616], [9.292425921818904, 7.309744596735811], [9.317545971369555, 7.320986904721906], [9.318234491428711, 7.33274995434698], [9.324561832662482, 7.337281772136123], [9.336618812208485, 7.336217839082053], [9.348667266181451, 7.339561710904263], [9.349029896212812, 7.349657519978621], [9.371407566605967, 7.357015865589801], [9.368726780216775, 7.363675722156927], [9.357002931140414, 7.376730998636731], [9.349180409448365, 7.382920902777471], [9.347334103086439, 7.394756696764205], [9.352992964753582, 7.401492379669662], [9.360959928358056, 7.402694019613364], [9.369641728882755, 7.39971775377137], [9.37286871941592, 7.396147690763371], [9.390110492005647, 7.411700346793623], [9.38783604629657, 7.424927904599144], [9.389000859901785, 7.431448750259676], [9.408525777342788, 7.450603920434617], [9.434924766264999, 7.457109714142064], [9.438139989169201, 7.472535802285506], [9.4061709484306, 7.471911268989913], [9.399705083722665, 7.476060606911517], [9.37749779258911, 7.483911319651725], [9.365009333613898, 7.479748187928578], [9.359727624230516, 7.480102285192345], [9.336845703066786, 7.475716591047899], [9.327305875565742, 7.475726319014484], [9.302295126019317, 7.462987754980929], [9.294393240056024, 7.466011686690024], [9.267313760221896, 7.458837951210512], [9.259363684086793, 7.470002770011888], [9.254912924891642, 7.48130774185887], [9.2474557725659, 7.491433969602042], [9.223474386134058, 7.511967732125186], [9.216228909037, 7.508592106140838], [9.19091473182948, 7.514818406744098], [9.183309865857666, 7.518828464861826], [9.163982005165451, 7.5356969486553], [9.15823774297752, 7.547508665992211], [9.152705504955122, 7.597180037428814], [9.147150732620275, 7.613214656331365], [9.13177220602256, 7.63081057115096], [9.101866049978298, 7.619663201895321], [9.079290546721381, 7.598659679400726], [9.048029740979814, 7.577696721726397], [9.043609171126377, 7.572247635919723], [9.022163307190908, 7.561629538372529], [9.008127222893052, 7.571629786385586], [9.004261601291887, 7.584519815137412], [8.99688515772391, 7.598633513625828], [8.995161696055504, 7.616969730568655], [8.997845463697217, 7.637090669199097], [8.99071564031459, 7.649557676645486], [8.99262087835092, 7.663908708919848], [8.984805672643745, 7.675778097980867], [8.980202276014268, 7.679048059020772], [8.966726113219579, 7.677620762088566], [8.964800170091848, 7.664440374623666], [8.97163517502338, 7.648214799973061], [8.967302772904702, 7.638516073058383], [8.965765361182548, 7.629867201210402], [8.958027713907939, 7.619940202978057], [8.958535311955131, 7.594268047932133], [8.960767414884344, 7.580895330555109], [8.957880889691353, 7.576724927813189], [8.95008015407592, 7.571021116231577], [8.942889398926695, 7.559059078113989], [8.942380561613675, 7.550922649860468], [8.949715707413986, 7.545849344871442], [8.947042910601908, 7.528815100736381], [8.950398901688004, 7.518446667579667], [8.966547757872775, 7.515008884952124], [8.971366829016006, 7.503254917580421], [8.97287846976559, 7.495430194348046], [8.998937012233398, 7.489347901284646], [9.008534363969773, 7.491119198792035], [9.018387442426558, 7.489897220680234], [9.030333997815774, 7.483093184802669], [9.048349926607898, 7.484145768412532], [9.050464144604632, 7.482491082397587], [9.076972291438153, 7.48191562240811], [9.082355859835104, 7.475139791967877], [9.08946263988895, 7.470341558116445], [9.093626793241981, 7.4602207343994], [9.10896217306589, 7.45824137513938], [9.115967378291941, 7.449352151380708], [9.118098674414341, 7.444940445245379], [9.118996719423137, 7.430117089931798], [9.11206181600005, 7.41671698460118], [9.13154609217844, 7.406105345085678], [9.139611873289368, 7.413303613171252], [9.143971747897922, 7.408613271885031], [9.148523466784638, 7.396160462035766], [9.159245991809144, 7.392536360564634], [9.161232884689923, 7.393452855165208], [9.168966151366817, 7.384447335576112], [9.176698720169838, 7.367343340023183], [9.182154999653562, 7.369682000024341], [9.184282999760683, 7.367997999707995], [9.184001000246042, 7.358008000368955], [9.181234447311965, 7.350541163244145], [9.191521840760402, 7.349965009877337], [9.191631718129315, 7.331594966734372], [9.181757927386514, 7.315104575016164], [9.18545693159217, 7.299667335279366], [9.187255089151108, 7.298538208571529], [9.187193891185188, 7.28116540655833], [9.179501650680663, 7.274824514339912], [9.169393521793666, 7.273526643339949], [9.151761369691485, 7.279606085552473], [9.146196453903258, 7.270165684398876], [9.138776313176379, 7.263380387694781], [9.125702502568515, 7.24614381228713], [9.106763739854784, 7.239399611902627], [9.105003442854638, 7.233158730591015], [9.103903343564525, 7.209391214632888], [9.123676657351893, 7.183818780012757], [9.128598532696174, 7.173366012031863], [9.129114140105514, 7.165012220337758], [9.122642006223657, 7.160824368949534], [9.106461671968646, 7.155304019065284], [9.096372757097129, 7.159491871352827], [9.08552241502747, 7.168438643628576], [9.074191999561208, 7.173522000340085], [9.066680000281849, 7.161655999924506], [9.0607930003967, 7.15656699996714], [9.077103282190762, 7.132083633552895], [9.075385928717708, 7.125169017036569], [9.059941480015311, 7.124314145781227], [9.048432921442213, 7.118636301224399], [9.02118377011493, 7.087978209426865], [9.018516109331017, 7.082238235206432], [9.016688936944945, 7.072885580904881], [9.019970598164605, 7.065270254019083], [9.024236969360686, 7.061294395320147], [9.035830738697655, 7.054979184142098], [9.039307774933889, 7.051014006691105], [9.039531330206785, 7.047273789254007], [9.053693944619909, 7.044341491266835], [9.060289442104136, 7.040637012887885], [9.068190579831423, 7.042483523395958], [9.083096011771602, 7.053188858778867], [9.099882713916145, 7.060326442411451], [9.10881136305403, 7.068484484071746], [9.114123175444263, 7.065866375033238], [9.120171832064443, 7.059456556974567], [9.137530259314076, 7.057212303305221], [9.143484986243152, 7.051725972975305], [9.148829075301649, 7.055432588143503], [9.173192607952558, 7.062337698825786], [9.179914454788332, 7.066257310326648], [9.18374642825512, 7.066837956706365], [9.192594578177307, 7.073428396403415], [9.206448502096748, 7.074271430781948], [9.216921474246703, 7.079567336863136], [9.224222363071647, 7.079950079332718], [9.243412870307793, 7.091105689975677], [9.253423694348044, 7.092314379704931], [9.260494426876335, 7.057463930016411], [9.274486787934961, 7.049673708374996], [9.280801424446224, 7.052729476983814], [9.284421293707794, 7.060498944071071], [9.291628338277235, 7.058249014780245], [9.30290489694346, 7.067925479877033], [9.307643591178817, 7.077194873144947], [9.303923128249835, 7.087622582416316], [9.305241584731391, 7.089252677369188], [9.308067047756083, 7.089520786854905], [9.309581351398322, 7.091308621995381], [9.308873361016822, 7.095443416080855], [9.313416196400397, 7.098064899375629]]]}}, {"type": "Feature", "properties": {"level": 2, "state": "Benue", "name": "Tarka"}, "geometry": {"type": "Polygon", "coordinates": [[[8.767846999839207, 7.653304999626073], [8.759224999733988, 7.625745000331563], [8.760367000236897, 7.610746000227778], [8.768690000043534, 7.569132000341597], [8.755886325093854, 7.558618380633789], [8.772955257878891, 7.549187886411858], [8.807392975405548, 7.536680568653367], [8.81470078721162, 7.537515222249738], [8.821349335703303, 7.507933925610246], [8.828869498128881, 7.50878255377188], [8.841424595968363, 7.499190863267756], [8.845952490015463, 7.500829918166232], [8.865953996879512, 7.478956345658901], [8.866056926985664, 7.475588641802403], [8.87452291989689, 7.461562682072156], [8.878712738102422, 7.450718056992798], [8.907491777423616, 7.44946338133002], [8.910089379221517, 7.452140726013738], [8.917229426097208, 7.469380363612913], [8.922739324959934, 7.486526595825808], [8.928764854614371, 7.492899188247009], [8.93666974880989, 7.497322098136351], [8.940307558646964, 7.511260944137291], [8.950398901688004, 7.518446667579667], [8.947042910601908, 7.528815100736381], [8.949715707413986, 7.545849344871442], [8.942380561613675, 7.550922649860468], [8.942889398926695, 7.559059078113989], [8.95008015407592, 7.571021116231577], [8.957880889691353, 7.576724927813189], [8.960767414884344, 7.580895330555109], [8.958535311955131, 7.594268047932133], [8.958027713907939, 7.619940202978057], [8.965765361182548, 7.629867201210402], [8.967302772904702, 7.638516073058383], [8.97163517502338, 7.648214799973061], [8.964800170091848, 7.664440374623666], [8.966726113219579, 7.677620762088566], [8.980202276014268, 7.679048059020772], [8.983824818960272, 7.705222349631754], [8.956072943011975, 7.699498055990546], [8.939741035220663, 7.699320406611548], [8.929863596827602, 7.706562700108577], [8.908763256019483, 7.692337975816997], [8.898562431311177, 7.690912034163091], [8.891426756040005, 7.69257780612088], [8.878625286228043, 7.70471224877133], [8.856120229564965, 7.705739983213675], [8.818897753228782, 7.730040916754945], [8.779139801160966, 7.69087776279855], [8.763884371966242, 7.659022858618073], [8.767846999839207, 7.653304999626073]]]}}, {"type": "Feature", "properties": {"level": 2, "state": "Benue", "name": "Konshisha"}, "geometry": {"type": "Polygon", "coordinates": [[[8.776371087156008, 7.180372303638933], [8.75655680565211, 7.18306830026188], [8.73345856785869, 7.178889866574139], [8.731623964374478, 7.180074994965082], [8.718236348828498, 7.206474325629699], [8.694094022421268, 7.242730834760266], [8.674286575764881, 7.297098702443236], [8.668728824875416, 7.308783061389192], [8.639310963829985, 7.356526185635005], [8.595257657215143, 7.347996339059875], [8.564478594911293, 7.327203415305405], [8.561683230396795, 7.327629730827482], [8.549466585214759, 7.324155972620076], [8.533323142948745, 7.313649803795442], [8.51349174195036, 7.306903690552929], [8.505744706652933, 7.294594792915404], [8.499163457127906, 7.276454745989781], [8.49219824655188, 7.262878191875132], [8.483192678399462, 7.248875975146177], [8.481620658066959, 7.236882004800748], [8.48781763357698, 7.227984026141939], [8.492497992388508, 7.211119815027473], [8.503456029172469, 7.208602992134445], [8.510349858759014, 7.204618517031008], [8.519170057752035, 7.202690647555414], [8.52383502556603, 7.180525653336304], [8.52342806075643, 7.138943776334258], [8.52742372792278, 7.12713207158788], [8.520271676896414, 7.072824763352173], [8.51410144812337, 7.064411300740971], [8.520940000880387, 7.038568208855793], [8.525543494636622, 7.033350085138352], [8.532742197094763, 6.976532547838872], [8.54408632722226, 6.955126391669694], [8.546247807290513, 6.943676048910561], [8.547121861085088, 6.919934732002332], [8.53724071928383, 6.899651785901256], [8.53175300040067, 6.883270999956721], [8.548719000381595, 6.876764000258447], [8.581836999677819, 6.856387000359803], [8.59914599928851, 6.847951641055431], [8.602361172730014, 6.849528434989338], [8.600760460426955, 6.855791091585672], [8.606489182329938, 6.859195232374134], [8.623627663286072, 6.862522124996133], [8.636176108840402, 6.862434863777992], [8.654446602428834, 6.864604950358228], [8.669320106637656, 6.870244026041007], [8.70374202667324, 6.896412848773991], [8.720853805858496, 6.896295070860901], [8.741363525006705, 6.892710210407927], [8.759608269206296, 6.891436100395765], [8.776695251384808, 6.887874125890221], [8.785788535812344, 6.883218764634307], [8.790351867644631, 6.883186817117974], [8.817680358961468, 6.876111031299104], [8.839305877764104, 6.869072915382787], [8.859772682163623, 6.859746933174449], [8.867715836216917, 6.853951931236679], [8.879090308570937, 6.849280833643604], [8.897258758784744, 6.837675095229486], [8.92340373959098, 6.824865818402827], [8.96084785474477, 6.797053814681874], [8.974477768334395, 6.788922786857199], [8.991445540879056, 6.769289017274389], [8.994800567891957, 6.760079860597159], [8.99475765224389, 6.754340173260459], [8.987076117269055, 6.73620323439178], [8.98939475836147, 6.733925674330465], [8.995684046581516, 6.736562550421411], [9.000352861695262, 6.745109726033093], [9.009599351029294, 6.754033054781701], [9.013856534751312, 6.764085021006963], [9.00299985336062, 6.780347055072582], [8.998624603043027, 6.784099842333887], [9.005334301836626, 6.806907540650514], [9.01447023121625, 6.813123265226579], [9.014039805792436, 6.815943832342043], [9.00473659082104, 6.828049147749994], [8.997925336984736, 6.831711789667395], [8.988880156394146, 6.844541176234372], [8.983568364688324, 6.848377229025971], [8.980182856054, 6.855042500411116], [8.979405744679411, 6.860447996977541], [8.98196154598861, 6.87079371865525], [8.99538911841313, 6.882499243145617], [9.005758834902338, 6.887008562595156], [8.99923528767846, 6.907074237885809], [8.99654491541554, 6.962310098832063], [8.97669074987823, 6.960110025257507], [8.947395470924278, 6.972082768005407], [8.94386622094936, 6.97674672767937], [8.935963903311517, 6.982654936276333], [8.911417499817787, 6.996906610551662], [8.890885758970626, 7.01281422000028], [8.867358282858504, 7.045463409009187], [8.844148826806986, 7.065955132723218], [8.839451592217245, 7.065697300689919], [8.833750251073297, 7.078412298888509], [8.835188202273741, 7.088775220100388], [8.829249971608931, 7.107704843903491], [8.835173375151214, 7.12168460276223], [8.827248935090324, 7.134199642999192], [8.818167196159209, 7.139091108667799], [8.814642271024013, 7.134407273976535], [8.776371087156008, 7.180372303638933]]]}}, {"type": "Feature", "properties": {"level": 2, "state": "Benue", "name": "Gwer West"}, "geometry": {"type": "Polygon", "coordinates": [[[8.026496214928443, 7.702723336912527], [8.03447099993673, 7.700464999859889], [8.048659000412613, 7.693309999956568], [8.062683999666888, 7.690540999967197], [8.064603000028455, 7.680830000004562], [8.0644690001443, 7.672535999736624], [8.067746000177806, 7.661189999918633], [8.072952000134762, 7.626538000028745], [8.076825999820073, 7.611871999992843], [8.082382999775689, 7.553567000216958], [8.090140999607513, 7.505509999986543], [8.103782000039303, 7.464723999612943], [8.106133999684403, 7.438877000173477], [8.11100771723244, 7.422088690041051], [8.096370568347083, 7.418345800718157], [8.06805498205182, 7.415252501601742], [8.091301175408944, 7.389587953920966], [8.10961677809189, 7.376628189939083], [8.115996867261686, 7.369994766245497], [8.134262187949673, 7.375521734240692], [8.14455380011782, 7.391322851368557], [8.159432770406056, 7.402908790308459], [8.182286844062673, 7.416155113367836], [8.187819406740289, 7.417229848178977], [8.195591192279721, 7.434069631008697], [8.210481117209838, 7.441349811144903], [8.226038408345914, 7.441038667300688], [8.236609664704304, 7.446472642698325], [8.24886389884989, 7.43902611406395], [8.27155453961035, 7.460237067886396], [8.257807644007642, 7.487097477366717], [8.268711000212534, 7.506861000235006], [8.282359000067856, 7.5234509999637], [8.301964000338387, 7.537405999587236], [8.32564000038576, 7.560737999958803], [8.332288000291044, 7.57237499970654], [8.340397000121527, 7.60288300005044], [8.347946000207799, 7.613356000079364], [8.3621470003838, 7.621410000071478], [8.367313787201567, 7.619039033724448], [8.371057952662454, 7.619732991084732], [8.381177373437083, 7.61745969021257], [8.382928307595364, 7.619392520348583], [8.38911988897172, 7.617323888986334], [8.389558330052921, 7.619198889117513], [8.396083191186392, 7.619365645008543], [8.398138515280323, 7.621229471063316], [8.397619840283426, 7.625551610118748], [8.399350814888237, 7.626964989143005], [8.397747455880449, 7.628648553288144], [8.399922417685502, 7.631100903783704], [8.39997672864314, 7.634599182006696], [8.405007128776049, 7.637569889139115], [8.406654919688833, 7.642774417805185], [8.40521101407711, 7.653260627076349], [8.408166468707634, 7.663439193563988], [8.408073625397549, 7.672031615866445], [8.41157736610262, 7.674430721100919], [8.40912763982874, 7.676847919795705], [8.399432889716138, 7.67773877742269], [8.394255051129733, 7.683714960377188], [8.39164231374184, 7.684548341432844], [8.389346000117882, 7.719798000177605], [8.389983999861727, 7.759420999979227], [8.385478019594984, 7.768043518093918], [8.372159004334605, 7.770002364717413], [8.345472335779732, 7.784325123205917], [8.274763106632122, 7.814562320594689], [8.215219497581813, 7.834565163851266], [8.206502000267164, 7.825202000072295], [8.198121999630644, 7.820504000159531], [8.186651000343431, 7.810099999715248], [8.167149000326162, 7.802365000044745], [8.157239000179743, 7.802994000272918], [8.135124000172539, 7.79069599972064], [8.102042705806298, 7.757305683010884], [8.089342490663455, 7.748644801616365], [8.038216704137653, 7.736705169208221], [8.034879834436879, 7.733479551040489], [8.026496214928443, 7.702723336912527]]]}}, {"type": "Feature", "properties": {"level": 2, "state": "Benue", "name": "Vandeikya"}, "geometry": {"type": "Polygon", "coordinates": [[[9.162464371333726, 6.943060578083248], [9.154164159448442, 6.94363762717478], [9.14567405211585, 6.946572514310162], [9.14516031439706, 6.95683090642126], [9.142115164982954, 6.96671342328591], [9.134386962388476, 6.963691819022301], [9.12909922035277, 6.967623316862614], [9.11258342368609, 6.968265441796746], [9.108617190431062, 6.966160036256724], [9.105706772049928, 6.962418867336908], [9.09401010857971, 6.964610900073012], [9.090692292815106, 6.968351031175189], [9.083521758022755, 6.966437840434025], [9.074260001797711, 6.971993496802497], [9.030578556755017, 6.967107544877365], [9.011309240129378, 6.969607089095916], [8.99654491541554, 6.962310098832063], [8.99923528767846, 6.907074237885809], [9.005758834902338, 6.887008562595156], [8.99538911841313, 6.882499243145617], [8.98196154598861, 6.87079371865525], [8.979405744679411, 6.860447996977541], [8.980182856054, 6.855042500411116], [8.983568364688324, 6.848377229025971], [8.988880156394146, 6.844541176234372], [8.997925336984736, 6.831711789667395], [9.00473659082104, 6.828049147749994], [9.014039805792436, 6.815943832342043], [9.01447023121625, 6.813123265226579], [9.005334301836626, 6.806907540650514], [8.998624603043027, 6.784099842333887], [9.00299985336062, 6.780347055072582], [9.013856534751312, 6.764085021006963], [9.009599351029294, 6.754033054781701], [9.000352861695262, 6.745109726033093], [8.995684046581516, 6.736562550421411], [8.98939475836147, 6.733925674330465], [8.987076117269055, 6.73620323439178], [8.968091964872315, 6.697119236063941], [8.970331192230788, 6.691361904028724], [8.985179901231504, 6.693556785817066], [8.990170391250615, 6.692373993864749], [8.992015838759983, 6.692360878152044], [8.997652053699369, 6.683137894398328], [9.018033980983489, 6.662332058177981], [9.027075768432042, 6.650787829794581], [9.04755973819141, 6.643758773648528], [9.058959006652856, 6.642531872647851], [9.07036781332397, 6.642453194559323], [9.08526706692163, 6.65153598839521], [9.10587024721417, 6.660579204866451], [9.11732959668359, 6.667387962184762], [9.123076439026477, 6.673089981417547], [9.13567638425775, 6.679891108887603], [9.1494007113738, 6.684389113966461], [9.158527374139055, 6.684326172215151], [9.171102524162222, 6.687684059072126], [9.184833526945738, 6.693329811321803], [9.176434429205585, 6.710599944032253], [9.172706754613102, 6.725508441761235], [9.184904610259593, 6.745050878894972], [9.182594840079844, 6.758126341557443], [9.185112582979343, 6.759087975829459], [9.193466223587393, 6.77027729486133], [9.179134628360487, 6.790420113997129], [9.177679709650931, 6.81311316404134], [9.157689275239932, 6.827692991038759], [9.163796916594492, 6.830095895009606], [9.171699018395032, 6.840288615027589], [9.17227030193294, 6.845367785395013], [9.18764300002448, 6.871875999677684], [9.183670000270354, 6.909470000340264], [9.177477999809867, 6.924385000167661], [9.162464371333726, 6.943060578083248]]]}}, {"type": "Feature", "properties": {"level": 2, "state": "Benue", "name": "Gwer East"}, "geometry": {"type": "Polygon", "coordinates": [[[8.696588999882465, 7.661138000218557], [8.689132000441532, 7.656424999614103], [8.674937999689007, 7.652320000068016], [8.66520599965719, 7.631945000261624], [8.651235000195129, 7.609600000439741], [8.633073999965177, 7.599309999856644], [8.619217000364301, 7.584106000191809], [8.601682000224173, 7.569656000224256], [8.582706000181815, 7.565829000008364], [8.55993899978506, 7.556076999953632], [8.546278000229563, 7.552851999620145], [8.52364000038574, 7.550930000019548], [8.484794000442832, 7.559655000378029], [8.474492000205714, 7.564436999667862], [8.451425000363542, 7.578884000396329], [8.423403000448161, 7.614842000258136], [8.412132999638288, 7.631163000172364], [8.406654919688833, 7.642774417805185], [8.405007128776049, 7.637569889139115], [8.39997672864314, 7.634599182006696], [8.399922417685502, 7.631100903783704], [8.397747455880449, 7.628648553288144], [8.399350814888237, 7.626964989143005], [8.397619840283426, 7.625551610118748], [8.398138515280323, 7.621229471063316], [8.396083191186392, 7.619365645008543], [8.389558330052921, 7.619198889117513], [8.38911988897172, 7.617323888986334], [8.382928307595364, 7.619392520348583], [8.381177373437083, 7.61745969021257], [8.371057952662454, 7.619732991084732], [8.367313787201567, 7.619039033724448], [8.3621470003838, 7.621410000071478], [8.347946000207799, 7.613356000079364], [8.340397000121527, 7.60288300005044], [8.332288000291044, 7.57237499970654], [8.32564000038576, 7.560737999958803], [8.301964000338387, 7.537405999587236], [8.282359000067856, 7.5234509999637], [8.268711000212534, 7.506861000235006], [8.257807644007642, 7.487097477366717], [8.27155453961035, 7.460237067886396], [8.24886389884989, 7.43902611406395], [8.236609664704304, 7.446472642698325], [8.226038408345914, 7.441038667300688], [8.210481117209838, 7.441349811144903], [8.195591192279721, 7.434069631008697], [8.187819406740289, 7.417229848178977], [8.182286844062673, 7.416155113367836], [8.159432770406056, 7.402908790308459], [8.14455380011782, 7.391322851368557], [8.134262187949673, 7.375521734240692], [8.158782167563004, 7.360916425852395], [8.171900452344062, 7.331873561415762], [8.181023668007924, 7.31883634422195], [8.186021751902388, 7.318237096265023], [8.209696372389715, 7.279280109189756], [8.219945605805094, 7.271304569650226], [8.220333151553746, 7.239828586719966], [8.232745517091985, 7.219533940439021], [8.2429702223979, 7.192431884024302], [8.234704626317523, 7.175775823695346], [8.256124131123784, 7.126036978823549], [8.305605395772432, 7.125021868164708], [8.320076947992789, 7.130144882280547], [8.338392609131631, 7.115554732864666], [8.359718114999055, 7.119178865812046], [8.387468715708735, 7.103034527821251], [8.405361438279783, 7.103203635439456], [8.407530123716299, 7.101687700427078], [8.41040749560949, 7.091193837026026], [8.421436014960193, 7.069384464421546], [8.422851264574263, 7.0525302141981], [8.431762999263071, 7.049977916647606], [8.477440703625632, 7.064112134067784], [8.493545129704046, 7.071607503983159], [8.51410144812337, 7.064411300740971], [8.520271676896414, 7.072824763352173], [8.52742372792278, 7.12713207158788], [8.52342806075643, 7.138943776334258], [8.52383502556603, 7.180525653336304], [8.519170057752035, 7.202690647555414], [8.510349858759014, 7.204618517031008], [8.503456029172469, 7.208602992134445], [8.492497992388508, 7.211119815027473], [8.48781763357698, 7.227984026141939], [8.481620658066959, 7.236882004800748], [8.483192678399462, 7.248875975146177], [8.49219824655188, 7.262878191875132], [8.499163457127906, 7.276454745989781], [8.505744706652933, 7.294594792915404], [8.51349174195036, 7.306903690552929], [8.533323142948745, 7.313649803795442], [8.549466585214759, 7.324155972620076], [8.561683230396795, 7.327629730827482], [8.564478594911293, 7.327203415305405], [8.595257657215143, 7.347996339059875], [8.639310963829985, 7.356526185635005], [8.650978885866948, 7.411077854059783], [8.654065635220945, 7.417728096874214], [8.654985361984927, 7.468438069261538], [8.65153275403344, 7.479722243386846], [8.646814825144133, 7.489037079397747], [8.68746058164055, 7.500499762653988], [8.694635999751654, 7.511858999593187], [8.711226000379668, 7.524943999565949], [8.724743999635905, 7.53346999974076], [8.741360999710423, 7.548166000260778], [8.755886325093854, 7.558618380633789], [8.768690000043534, 7.569132000341597], [8.760367000236897, 7.610746000227778], [8.759224999733988, 7.625745000331563], [8.767846999839207, 7.653304999626073], [8.715958000061676, 7.660577000428248], [8.696588999882465, 7.661138000218557]]]}}, {"type": "Feature", "properties": {"level": 2, "state": "Benue", "name": "Ogbadibo"}, "geometry": {"type": "Polygon", "coordinates": [[[7.688128414794562, 6.852689158977569], [7.691748447732721, 6.851578296601133], [7.711925623668662, 6.860918930564253], [7.706840671559803, 6.876191524219507], [7.712426707026964, 6.887181675793727], [7.696065629725069, 6.8994501012412], [7.689992956709659, 6.900162547763443], [7.685858361374301, 6.903469837862758], [7.688006105197644, 6.90753482297373], [7.69078026189959, 6.908990652696502], [7.69828206826287, 6.926503402709898], [7.706774608261583, 6.936869613641818], [7.70727603516093, 6.940958045877153], [7.709432207430496, 6.943641650741654], [7.718516999559938, 6.950042999884602], [7.73648371924827, 6.957618692748497], [7.742825413661933, 6.964469055402617], [7.736759401025608, 6.965938916347966], [7.735109626208327, 6.970467063104536], [7.73818572309267, 6.986052872642006], [7.749791874295624, 7.00366238431161], [7.763299108666956, 7.009199326687622], [7.762369109846588, 7.023743044106254], [7.773697610656257, 7.029179637430389], [7.771751452567514, 7.030571511865844], [7.770921399003385, 7.037113202012733], [7.766077509269678, 7.042545280740171], [7.7663241033747, 7.045340852998038], [7.747022000165202, 7.057858000346471], [7.740962959073329, 7.064657999167366], [7.744720513640857, 7.068384369742944], [7.750394956062394, 7.070824494854605], [7.762493207295734, 7.070466604250441], [7.767004372154076, 7.075001359225382], [7.768560478982977, 7.083166206055637], [7.772717039359918, 7.090683132720471], [7.772387536755446, 7.100071875916399], [7.767031726832784, 7.106160749319201], [7.762209156427502, 7.108609632028958], [7.762342260586877, 7.11879344426211], [7.755890161801574, 7.133967598126219], [7.742826630444711, 7.147731016972898], [7.74030512927834, 7.164117438968674], [7.710073687550675, 7.183112262720783], [7.702966018966663, 7.188963582903057], [7.691022244281214, 7.191829895833052], [7.68192339305017, 7.185449448733095], [7.672369009122519, 7.173702678635777], [7.643081219722546, 7.158281663567948], [7.635451450623975, 7.147128481993889], [7.637383938118319, 7.132672786619878], [7.629879950899067, 7.124751567930559], [7.618623733998163, 7.10807561909462], [7.601947784262904, 7.09056615790189], [7.599446296609358, 7.079309940101723], [7.603615282919009, 7.053045273920304], [7.611119270138261, 7.027197360769605], [7.607784271027356, 7.017608643424182], [7.601113796164782, 7.016357899597438], [7.5931925765762, 7.018025874894249], [7.580685615848552, 7.027197360769605], [7.543581963336976, 7.04012107812531], [7.530513762700025, 7.032278060883868], [7.538271427084737, 7.020157814031961], [7.549300193748991, 6.991011142650166], [7.555215137368748, 6.980562781347317], [7.557177544408205, 6.977619170788159], [7.564267159102144, 6.952411174735971], [7.57135725043679, 6.939806938839183], [7.577659130064831, 6.932717323245924], [7.620197773308632, 6.919325352283238], [7.635952950368392, 6.903570175223479], [7.658010006156928, 6.868121146673616], [7.674552917383267, 6.855517387417535], [7.688128414794562, 6.852689158977569]]]}}, {"type": "Feature", "properties": {"level": 2, "state": "Plateau", "name": "Kanke"}, "geometry": {"type": "Polygon", "coordinates": [[[9.484238837052715, 9.475172343428937], [9.48698561929092, 9.450186334232], [9.50094938100915, 9.450100639632865], [9.514517553442374, 9.45192888580948], [9.526349474049027, 9.440098255729993], [9.544258884440012, 9.443470019126153], [9.547984031038254, 9.426638055901606], [9.536740223882248, 9.418682200723026], [9.536473543419334, 9.412988539789353], [9.529167368379376, 9.404633086148067], [9.526429109915512, 9.397227801322003], [9.500923696371558, 9.389316950916623], [9.511931372135166, 9.380857318910216], [9.52802420775106, 9.377798515988786], [9.537103151589235, 9.37850479406103], [9.548303972050746, 9.368395548216029], [9.55095429300627, 9.361678436310854], [9.536741016184976, 9.354570436776271], [9.53224232942, 9.346761120729184], [9.52786963497573, 9.333815160441361], [9.525083144971234, 9.318416881134226], [9.529584554883343, 9.302335242977108], [9.52096961985211, 9.266753464600754], [9.48967950970166, 9.261816546296643], [9.479201271121838, 9.261820202940044], [9.455309547097954, 9.254446181246294], [9.448029595389585, 9.25437502778533], [9.447144947581307, 9.251503326117643], [9.453873655344978, 9.224053173615118], [9.458455815383616, 9.217489595768257], [9.462746818111214, 9.212642981088777], [9.480621008352898, 9.217041336788327], [9.485119831814814, 9.2097236837011], [9.480487806167389, 9.201849067880232], [9.469868541300173, 9.191874589041106], [9.46500964907608, 9.184275068639579], [9.469887359614006, 9.17589470737488], [9.476284357836903, 9.173699578272988], [9.484681460880779, 9.177746674069795], [9.492589905599687, 9.187330866026684], [9.506007092653249, 9.188713504424754], [9.513077922308298, 9.178772051389103], [9.534442229425395, 9.210003327891343], [9.546065483035648, 9.208841237433205], [9.554625834614626, 9.20047213478125], [9.567967416563079, 9.197892174084643], [9.586181859005649, 9.213524528034611], [9.588007035796124, 9.224603608170014], [9.57818527712891, 9.2402538199579], [9.575706125037698, 9.251554225047471], [9.580952148422966, 9.263482320053072], [9.590087519323617, 9.268030187143495], [9.620450298042897, 9.253803754139994], [9.620514238941041, 9.256709014909177], [9.632648946891436, 9.261503086698156], [9.631572255155504, 9.260538818311886], [9.669707186337632, 9.284058751809994], [9.675241988327173, 9.273067414029981], [9.681127338855674, 9.252084369997704], [9.688587205335295, 9.243188476866749], [9.701264350169652, 9.234235189902165], [9.710850720284554, 9.24164435440349], [9.725096386189307, 9.247421287162695], [9.732375415193303, 9.255428079042645], [9.749461598773792, 9.258065347238016], [9.759322787316819, 9.262411374085673], [9.778810997129881, 9.261435050287389], [9.787116899025705, 9.268889728578188], [9.783148096407558, 9.29371519889736], [9.76803707495111, 9.296019717036359], [9.76291787396076, 9.325661010147542], [9.766322333109258, 9.339022834935918], [9.758821977352397, 9.356751560735972], [9.759773237944614, 9.369067592695274], [9.774626550574908, 9.384332936915541], [9.775326729445055, 9.393229698791629], [9.769312731797186, 9.412049796860686], [9.77071074320628, 9.447764738751744], [9.766826947205914, 9.45115447869631], [9.762644042088937, 9.460237510852494], [9.765885473935498, 9.484259945939812], [9.772207467800456, 9.510255886599907], [9.76269042372411, 9.52848917343664], [9.760875973147677, 9.538709167194384], [9.745687007449476, 9.531488184032526], [9.73260021242993, 9.532527924424244], [9.713550567804532, 9.527821541031358], [9.703935622630922, 9.527394294710973], [9.692341656342421, 9.522470311355846], [9.683220058558902, 9.525786720580754], [9.678137531022287, 9.530812142966056], [9.667858259351249, 9.535323601003427], [9.65860691457749, 9.531725855963543], [9.651006958904077, 9.521902661078968], [9.648378573312584, 9.522287246259452], [9.627441410892459, 9.534619948052182], [9.627679358015996, 9.53786196355884], [9.624199396285178, 9.537177869063441], [9.620243542105811, 9.541371668567706], [9.620094825715682, 9.543334724917656], [9.6150979568053, 9.544613684074307], [9.614116430428965, 9.54696340213934], [9.610844670744996, 9.54889671431198], [9.605996519124119, 9.546041361419725], [9.598858135994249, 9.546546996246946], [9.590286128302239, 9.543682720281367], [9.586687192559964, 9.544099126173762], [9.579220546091392, 9.551672913374318], [9.578156130101377, 9.54279669561106], [9.570048812003108, 9.534355232607936], [9.57046521789556, 9.529120419271976], [9.576726021888476, 9.52275239540677], [9.58992166725119, 9.511536043653564], [9.569105228023886, 9.472712446722085], [9.484238837052715, 9.475172343428937]]]}}, {"type": "Feature", "properties": {"level": 2, "state": "Plateau", "name": "Jos North"}, "geometry": {"type": "Polygon", "coordinates": [[[8.938685901133454, 10.026567162944275], [8.917905807107388, 10.025309562686232], [8.912225723238578, 10.023130418134315], [8.902611732245703, 10.022700310171217], [8.888099257274973, 10.01136890185336], [8.88545878929176, 10.018417389650836], [8.875975368168781, 10.018628040551675], [8.881471289768285, 10.006945857065716], [8.855706338177015, 9.994408486662394], [8.846228858874781, 9.995900697559193], [8.844692570405869, 9.995023329762887], [8.847506085037821, 9.98708500686763], [8.851012012894103, 9.98706972288943], [8.846916634295269, 9.98208421061787], [8.843696380583538, 9.983035857918537], [8.841672385272432, 9.979384514184005], [8.842956889648804, 9.977418545829266], [8.841346033892421, 9.975726732202986], [8.837877980984103, 9.97713696270074], [8.8356532992604, 9.973541393120854], [8.837116792106315, 9.971086770038482], [8.824614524940444, 9.9593944547903], [8.819291114893076, 9.949504853066571], [8.810121535580436, 9.93944454203205], [8.806544304076397, 9.933494568019967], [8.79956531498732, 9.917740821781535], [8.799921988808762, 9.910035132815153], [8.80371379855302, 9.905423164747276], [8.809803963382251, 9.904682159354195], [8.823886870882461, 9.891794205338329], [8.830990281176582, 9.882106445656007], [8.8374134325839, 9.884286342041094], [8.837248417780302, 9.880961635670985], [8.840880164388125, 9.880577623358704], [8.84102277168364, 9.881570436226696], [8.850842620190804, 9.87897831669602], [8.84992742331201, 9.871959234930785], [8.855104385059349, 9.871872946779092], [8.861570659858103, 9.873882037626004], [8.86298253161857, 9.87570270791366], [8.860545953433075, 9.88709623060663], [8.8647457541133, 9.888016437608542], [8.864567494094615, 9.89185646000766], [8.868893264612495, 9.89148416676096], [8.873097423407387, 9.894787177885974], [8.878825543663936, 9.89123798184744], [8.883151315081193, 9.891565787431205], [8.888689253006646, 9.89423504720969], [8.891185422968931, 9.899881296784486], [8.89404368067136, 9.898973840370502], [8.8975119952824, 9.901828788567798], [8.8994633451573, 9.898685924216068], [8.905903673615683, 9.895331440393704], [8.907591200173783, 9.88666800312592], [8.910562195988575, 9.885005534377967], [8.911415356733357, 9.870583989859313], [8.917341231612625, 9.870846748378767], [8.923341818570123, 9.868169320957463], [8.924031550915402, 9.871119451601487], [8.935021861669611, 9.869545886233709], [8.940142446716607, 9.856898929841805], [8.948996543855458, 9.852947235026932], [8.956777572626947, 9.851362227584787], [8.970237731985776, 9.851960182316589], [8.977750778075972, 9.856154442273748], [8.98187732717696, 9.860683440688263], [8.984818459204575, 9.869982720226403], [8.988486290210176, 9.87400627087277], [8.991619110033923, 9.889589309598989], [8.988716125448889, 9.910696030197698], [8.976020813409832, 9.935228347610177], [8.97164058714344, 9.946617127278671], [8.969094276379792, 9.960017203830944], [8.968826293698555, 9.965797425410926], [8.972048758843187, 9.97945404077143], [8.977460860930023, 9.987416266747346], [8.962086607910692, 10.005209730244928], [8.951510272181338, 10.011085547959738], [8.949918383126942, 10.013218623840487], [8.949522883774137, 10.019853669011638], [8.947185043055356, 10.01961531809252], [8.943762477856126, 10.026349085442007], [8.938685901133454, 10.026567162944275]]]}}, {"type": "Feature", "properties": {"level": 2, "state": "Plateau", "name": "Jos East"}, "geometry": {"type": "Polygon", "coordinates": [[[9.272069625213078, 9.846144618279538], [9.245718358815282, 9.847927357861352], [9.232135603875065, 9.861648915964736], [9.21428964605036, 10.017503611902214], [9.251268387226332, 10.02466964828568], [9.254759193881739, 10.03009989509411], [9.229707321036074, 10.048247259803247], [9.210796991288191, 10.048386398413584], [9.192543200808132, 10.040219150393511], [9.183000586308083, 10.038271278196987], [9.162979448143062, 10.0419021479658], [9.164602576947402, 10.046448893601621], [9.155327070987596, 10.04602942192031], [9.144595832431776, 10.049469727146231], [9.128041438661512, 10.058643695150465], [9.124002523098, 10.058030656989274], [9.118558018437852, 10.056022587772247], [9.108930276810895, 10.04404423865077], [9.085548400938023, 10.025030136131932], [9.068331717634692, 10.022339821425646], [9.058896064901546, 10.018059731071787], [9.047448159305134, 10.01562023188825], [9.035685771581143, 10.016181642668698], [9.030884641912735, 10.018007282610029], [9.02722437420556, 10.020909563025953], [9.020141517916784, 10.02329690332948], [9.007193460409894, 10.032775238786314], [9.003551473221933, 10.03097371866221], [9.004834943378, 10.029148150666686], [9.00402683237246, 10.025965085720202], [9.006926525438871, 10.019411616253137], [9.005833198043717, 10.012109022313552], [9.001269748400205, 10.008878976783421], [9.000461635596082, 10.005976589348165], [9.002775390671786, 9.988791448866323], [8.977460860930023, 9.987416266747346], [8.972048758843187, 9.97945404077143], [8.968826293698555, 9.965797425410926], [8.969094276379792, 9.960017203830944], [8.97164058714344, 9.946617127278671], [8.976020813409832, 9.935228347610177], [8.988716125448889, 9.910696030197698], [8.991619110033923, 9.889589309598989], [8.988486290210176, 9.87400627087277], [8.984818459204575, 9.869982720226403], [8.98187732717696, 9.860683440688263], [8.97452831293134, 9.842497826013926], [8.973049163787948, 9.830400467807408], [8.958024979069592, 9.824390411888032], [8.952612876982755, 9.816429138294154], [8.964433110000073, 9.81261213044553], [8.983203402714935, 9.803206941347298], [8.980296281248457, 9.788580795667258], [8.982117822079886, 9.782710081605046], [8.98536424696249, 9.749744469731525], [9.003429898371166, 9.756258094735358], [9.007065202696992, 9.756130028578013], [9.022424096195152, 9.747649690580829], [9.033389162979518, 9.718828057568828], [9.046215031398617, 9.729238846995258], [9.055078033624397, 9.707584932998316], [9.055212823113322, 9.696676370618036], [9.049817293733156, 9.687545912713745], [9.056284165681745, 9.685429028227134], [9.073663202694718, 9.67596487417967], [9.086357527278096, 9.689204374082635], [9.100684225696511, 9.710949400194693], [9.106550907198653, 9.71361831373423], [9.107399077605407, 9.721109351615326], [9.129415145892324, 9.732156793601177], [9.136296354393266, 9.73084666304311], [9.139144752828145, 9.735377148936323], [9.157622926856618, 9.740824501749387], [9.152183533043683, 9.744761466568491], [9.150382995878601, 9.747989654998605], [9.152127266060518, 9.751928329428893], [9.159550666829887, 9.75804901095313], [9.192681354660863, 9.771495239813532], [9.198702101720642, 9.772741004094087], [9.209360310829709, 9.770084166651031], [9.212014572614464, 9.772920747094872], [9.21872033777339, 9.77325565732275], [9.223250588044266, 9.777171964714455], [9.23577593541114, 9.789613285724613], [9.244208335945984, 9.802349092436714], [9.253554344257623, 9.808555602559068], [9.26080036184726, 9.818529129915476], [9.272069625213078, 9.846144618279538]]]}}, {"type": "Feature", "properties": {"level": 2, "state": "Plateau", "name": "Shendam"}, "geometry": {"type": "Polygon", "coordinates": [[[9.756654738925135, 8.367341996236178], [9.751174926881447, 8.380843162881717], [9.745050430433082, 8.388293266321227], [9.739103317164393, 8.391890525727206], [9.734723090898001, 8.4032793053957], [9.733742713855236, 8.42447090131111], [9.723327637360626, 8.44138336195266], [9.713267326326104, 8.45058918034647], [9.704952239654176, 8.463733673170509], [9.704418181753738, 8.475292206170423], [9.69610309598113, 8.48843669899452], [9.691544533253648, 8.503678321797167], [9.681485176399804, 8.512884140190977], [9.681129455859775, 8.520590782438717], [9.678849220315328, 8.5282115942897], [9.680594443778602, 8.53214931633795], [9.67840385355504, 8.53784370392384], [9.661774635291238, 8.564132689572034], [9.659378583255034, 8.574259052213563], [9.664692261738537, 8.58029078269351], [9.677051607745568, 8.583111008066624], [9.681044628207076, 8.596271776821084], [9.674579739263606, 8.608492082243856], [9.657891272764061, 8.606431006985417], [9.657445907802469, 8.616064072598931], [9.655141991309904, 8.62421766711168], [9.661510721142918, 8.634670391025793], [9.663077608145159, 8.64246200301909], [9.65767669722186, 8.65275383012522], [9.655307769637886, 8.662301064442602], [9.65477275755677, 8.673860549824553], [9.6582622530006, 8.68173694630309], [9.67386090935355, 8.681457064691813], [9.675586375610806, 8.684287778857936], [9.686008051330532, 8.687721120633284], [9.670118332095399, 8.717012404798709], [9.671598759175424, 8.726733747864216], [9.69185638396499, 8.746935844014047], [9.701381682918395, 8.749288558620151], [9.708895683189269, 8.753483771858612], [9.724455833270156, 8.750313758773018], [9.739748954850427, 8.752923013086615], [9.751108170205953, 8.75728797875729], [9.76228904730175, 8.765506744440756], [9.773113250576102, 8.781431198191285], [9.772400856214574, 8.796843529405407], [9.774233818436016, 8.79885578226856], [9.773962957024878, 8.804717943778144], [9.774642944316497, 8.831692695761376], [9.77786445617977, 8.845349312021199], [9.77880763996069, 8.866626740132006], [9.783952712647647, 8.880368232607907], [9.785429955228324, 8.890086174437442], [9.783150672965235, 8.897706985389107], [9.782526969743913, 8.911192894136832], [9.784182548785623, 8.917057991033516], [9.783916472667102, 8.922837256634125], [9.7817249300615, 8.928531646918032], [9.775689124753342, 8.934055328790464], [9.755926131585738, 8.94476127571238], [9.734775542956982, 8.94382190685559], [9.725339890223779, 8.939541817400993], [9.7119684220051, 8.937017442001377], [9.702621460412104, 8.930810928281744], [9.675702094975748, 8.929615974797457], [9.658485412571792, 8.926920890986366], [9.645293235894144, 8.920543670653899], [9.627898216129836, 8.921701430876396], [9.612338066048949, 8.924872398142725], [9.598877906690063, 8.924274445209505], [9.579743546827274, 8.930517374277429], [9.583605842735494, 8.968670117431998], [9.550126522820847, 8.968448153059853], [9.551783056043234, 8.95550643217615], [9.557806811335297, 8.951192422092674], [9.554343151615228, 8.947324646615186], [9.545006330777596, 8.94777092978461], [9.53943435800926, 8.960564171699218], [9.524525564403348, 8.962051728604422], [9.524073782778885, 8.95163870166482], [9.533758309398536, 8.932965820816037], [9.521518707222583, 8.930492401003562], [9.509767364971992, 8.965026822629795], [9.483292580288378, 8.965474129227744], [9.471310615892264, 8.974594116325477], [9.467196464845017, 8.980203628594609], [9.451457977403777, 8.987225533331753], [9.436075211401942, 8.98654365476591], [9.424448966646537, 8.987957953796581], [9.415013313014015, 8.983677864342042], [9.411078452608535, 8.985433579296284], [9.40539932292046, 8.983250618021657], [9.382413863708905, 8.98029994958307], [9.374812125579183, 8.978032112092365], [9.36999504463563, 8.979405396641766], [9.369213880016616, 8.983869596204954], [9.374276457892279, 8.98957431520256], [9.376059056280496, 8.98943345888705], [9.377461366448927, 8.992626186149607], [9.376391807236189, 8.997837781688304], [9.379315267585582, 8.99931673477954], [9.377390061901906, 9.006775963639882], [9.382619016154706, 9.011353543431312], [9.384698713674766, 9.011529601909672], [9.384342193637394, 9.014639973755834], [9.388798688708562, 9.019569564383914], [9.389036368733457, 9.020978006130122], [9.387669710388877, 9.021154060111826], [9.385530592862608, 9.019334824242776], [9.383866835386186, 9.020097729926363], [9.382321916123601, 9.027022506983144], [9.386243632038031, 9.028783021619176], [9.386124792025555, 9.032538759556132], [9.39230446457941, 9.032773490704074], [9.393730542930257, 9.034533978360457], [9.390284187065618, 9.050730056147245], [9.394324742992524, 9.055072358902294], [9.392660984616782, 9.059531965627741], [9.393451270160028, 9.072859603587858], [9.39798141880749, 9.073424437188066], [9.405232490587025, 9.097972052967918], [9.37889757836058, 9.111302172157593], [9.354826562795665, 9.115502934213112], [9.326322822140583, 9.108392118001916], [9.321767807238587, 9.103273392752897], [9.323942183584961, 9.078089714368843], [9.322464942802924, 9.068371773438628], [9.322910308663836, 9.05873870782517], [9.319776534659411, 9.043155669998214], [9.32084655792238, 9.020037650717029], [9.319279670920139, 9.012246132253267], [9.321558952283851, 9.004625321301603], [9.32759475669269, 8.99910163942917], [9.3277730940531, 8.99524879539564], [9.32987403895578, 8.991480827578187], [9.335820198043734, 8.987883568172208], [9.352361679348064, 8.963521958271826], [9.354729651851983, 8.953973769773711], [9.355353355073305, 8.94048881520672], [9.349941253885788, 8.932526589230747], [9.339651107612553, 8.90504169501827], [9.328213769050251, 8.903609728805975], [9.331065924852624, 8.886937433915477], [9.340541840233811, 8.885777473051974], [9.342732429558055, 8.880082130386029], [9.341076851415608, 8.874217032590025], [9.341522217276577, 8.864584922955885], [9.34371280660082, 8.858890533571298], [9.351938247951807, 8.847672462314335], [9.357974052360703, 8.842148781341223], [9.379214287209663, 8.841161727731617], [9.386905669760893, 8.841503142755869], [9.390662192806019, 8.84360027273442], [9.40054416737945, 8.838248252554877], [9.403000831922895, 8.826773643389004], [9.380461692752988, 8.814189911135543], [9.376793860848068, 8.810166358690537], [9.361767768667619, 8.801776886394236], [9.362034798067498, 8.795997619894308], [9.345162314089578, 8.787975282333434], [9.343593628443273, 8.769089688438441], [9.348077774070077, 8.764490128316822], [9.351158141834844, 8.739529610403224], [9.347579956150128, 8.733579636391141], [9.344803810147766, 8.710289956316501], [9.341135979142166, 8.706266402972176], [9.33965873656149, 8.69654846204196], [9.336169242916299, 8.688671112282066], [9.34054946918269, 8.677283286794307], [9.345642089810667, 8.650482177710387], [9.356904301592294, 8.638517910173448], [9.369532635722635, 8.628682783983322], [9.401791375071923, 8.61784117073347], [9.399199802329065, 8.605212091065198], [9.390013802295186, 8.583879949100435], [9.381884190902724, 8.57799857537401], [9.377633593815347, 8.561326465743832], [9.353287535891127, 8.512756645103138], [9.355316161811459, 8.482957840232189], [9.380579948206105, 8.478287696819791], [9.38853836105659, 8.472849846243435], [9.408212662184667, 8.46407127417001], [9.426897048959688, 8.453403472892035], [9.436223030268707, 8.45013427717521], [9.442103385962525, 8.445646286047293], [9.470183372364772, 8.43123531305929], [9.520290375400577, 8.414955138768676], [9.52799987839171, 8.415335655416186], [9.532260895024308, 8.41412067402996], [9.55923366490174, 8.401512145669017], [9.588587761316205, 8.396791458558994], [9.59453392040416, 8.393193244972338], [9.601553986927001, 8.392717346228608], [9.60501484435963, 8.385843002252784], [9.61683597220241, 8.371847741779902], [9.625098781283782, 8.366913888365332], [9.626287179609676, 8.369853251426434], [9.620464026193929, 8.383374038581053], [9.646133437408253, 8.381022630689927], [9.65275382992536, 8.384195328251849], [9.654766082788512, 8.382353782900793], [9.664380073781444, 8.382781029221178], [9.668314934186924, 8.381025314266878], [9.679941177143633, 8.379611015236208], [9.693578719682193, 8.376355170854481], [9.695590973444723, 8.37451457968416], [9.707128525261282, 8.375026703119886], [9.711062430586765, 8.373270989064963], [9.756654738925135, 8.367341996236178]]]}}, {"type": "Feature", "properties": {"level": 2, "state": "Plateau", "name": "Langtang North"}, "geometry": {"type": "Polygon", "coordinates": [[[9.688587205335295, 9.243188476866749], [9.694409445939243, 9.218367470782198], [9.698517022043006, 9.218963981202819], [9.704405179355604, 9.210685552696134], [9.701018436851427, 9.196023458415937], [9.699915945364637, 9.18054402968329], [9.69155643668023, 9.1749874667982], [9.660245173575959, 9.17012757272937], [9.64548878717784, 9.160472104104372], [9.637984507678937, 9.15719399610606], [9.636379713353165, 9.14925723443389], [9.675270826887186, 9.141605658574349], [9.683581439431919, 9.136793401594275], [9.69732629177497, 9.122086082206977], [9.718611513410679, 9.115113332614271], [9.717408627905911, 9.107011443723195], [9.718538372447995, 9.091659539755995], [9.721636615137754, 9.093714869245844], [9.742624026277838, 9.097700145645263], [9.750285583712753, 9.078248738788318], [9.74563217758299, 9.062505384216138], [9.739430203641007, 9.058092303916737], [9.736341839104625, 9.044314712653943], [9.742263601384138, 9.036208930597695], [9.752903362700067, 9.046014922350821], [9.764607708179255, 9.029748924972978], [9.759982893295955, 9.026373465363179], [9.760457253299649, 9.014976034216659], [9.763845108265173, 9.008727472694773], [9.776441443617784, 9.001321183326013], [9.78558578255786, 9.01118510490869], [9.788477550798405, 9.01262607962991], [9.816729313107373, 8.996908487037103], [9.816144325700122, 8.999128697331571], [9.829515763341874, 8.997684564191331], [9.838510161015165, 8.989652913251405], [9.842545966723037, 8.978840367888722], [9.837222430770623, 8.969865269666514], [9.835731046350759, 8.963014113810345], [9.831841202409635, 8.958801993317365], [9.829105712958324, 8.952168376269583], [9.825337853958843, 8.936780071343264], [9.82199619986477, 8.935281395220272], [9.81711247735899, 8.926560020028944], [9.805985530807675, 8.920887778248414], [9.796970350701145, 8.91931041414432], [9.800660843722994, 8.905024589013635], [9.785429955228324, 8.890086174437442], [9.783952712647647, 8.880368232607907], [9.77880763996069, 8.866626740132006], [9.77786445617977, 8.845349312021199], [9.774642944316497, 8.831692695761376], [9.773962957024878, 8.804717943778144], [9.80301375617995, 8.817531411445543], [9.832625460696477, 8.820800687201995], [9.836119306161095, 8.816410696096796], [9.87210531990462, 8.800798836796957], [9.882652959166762, 8.839546209889704], [9.878187672323293, 8.845242799915354], [9.879541179881585, 8.858443666741891], [9.878797531380997, 8.868037816891785], [9.875761339214478, 8.87258532515267], [9.884082569155282, 8.889204473707537], [9.88912023760895, 8.894530725612526], [9.884520798895778, 8.917057998228074], [9.8832717997538, 8.931215473015698], [9.880662837719854, 8.94019786384041], [9.865434249690907, 8.953923407739126], [9.86657317001584, 8.957094483823425], [9.882297912218917, 8.974213445893838], [9.878518921411171, 8.978113804708357], [9.874316077425078, 8.996137778835475], [9.882028450152916, 9.001093796041914], [9.881530896633649, 9.005566052631252], [9.873869234877361, 9.019215991424915], [9.865165579927634, 9.026460943317943], [9.86614507833275, 9.034188796076137], [9.885182216086434, 9.036878790623746], [9.889303228960898, 9.03917382810971], [9.89655512362009, 9.047999843018374], [9.909157470041237, 9.055685120072269], [9.910763109729771, 9.062806275789058], [9.921192587967596, 9.078091854755314], [9.93581416329306, 9.09454668817915], [9.938440270901822, 9.105593095045322], [9.921142546991007, 9.11288431525901], [9.91781709238495, 9.12356827195822], [9.912321903732902, 9.126857462302098], [9.910518799003398, 9.141100327717993], [9.901270043377849, 9.144608006554336], [9.915248783304776, 9.156921406197966], [9.92122926501861, 9.14895625113013], [9.931223669237, 9.150093034665872], [9.93060990802087, 9.161259775318399], [9.923767046611943, 9.169686806001323], [9.920877156155882, 9.181286239268559], [9.924001283132782, 9.19982272443923], [9.9307292561503, 9.209142047167802], [9.92794456119259, 9.212607779825248], [9.91609944303491, 9.214418237411792], [9.903570556835803, 9.211710610756143], [9.899535052400779, 9.215589070179476], [9.893591673117271, 9.216851506092155], [9.885356525383372, 9.223901260135108], [9.887056112749462, 9.23548890598829], [9.890880226141576, 9.24158769261794], [9.893964097665048, 9.243041181405431], [9.87994691891521, 9.25897036558996], [9.873618104591912, 9.258635903224388], [9.866093851150367, 9.261364794349845], [9.864305221009204, 9.267560687975447], [9.850801774582294, 9.267259442968964], [9.850655507046042, 9.280907712620888], [9.841708995573754, 9.279546677737017], [9.832180948292205, 9.275642283664524], [9.812752160283992, 9.28260461640997], [9.808036511176113, 9.291904744008775], [9.800925244404539, 9.297968321281076], [9.787263798785318, 9.296823469027913], [9.783148096407558, 9.29371519889736], [9.787116899025705, 9.268889728578188], [9.778810997129881, 9.261435050287389], [9.759322787316819, 9.262411374085673], [9.749461598773792, 9.258065347238016], [9.732375415193303, 9.255428079042645], [9.725096386189307, 9.247421287162695], [9.710850720284554, 9.24164435440349], [9.701264350169652, 9.234235189902165], [9.688587205335295, 9.243188476866749]]]}}, {"type": "Feature", "properties": {"level": 2, "state": "Plateau", "name": "Jos South"}, "geometry": {"type": "Polygon", "coordinates": [[[8.80371379855302, 9.905423164747276], [8.80604553197577, 9.902585030274963], [8.80853010428092, 9.894513685957918], [8.796948429026827, 9.890897290777389], [8.791871589702168, 9.886064460906198], [8.79038846825324, 9.877072960848523], [8.785710930614982, 9.873588688667098], [8.783611030724558, 9.86919583142253], [8.784680589937352, 9.860238994833821], [8.787324776617197, 9.858307098194075], [8.788675341593773, 9.850320820749346], [8.787665203286565, 9.84212456509664], [8.789053757424995, 9.838020187881398], [8.78085708628555, 9.82231616965555], [8.781035422746584, 9.818462373239981], [8.777545929101393, 9.810585975862125], [8.777881591162554, 9.803321427741764], [8.757833971560615, 9.800595326313328], [8.75156441806348, 9.795934713016663], [8.751393288769293, 9.792056100708521], [8.759186807325364, 9.786485981442922], [8.75376770941233, 9.78058355908405], [8.75835099090557, 9.76327617555512], [8.743506432276092, 9.755020141966043], [8.739838600371172, 9.750996590420357], [8.724722861970577, 9.744533538791813], [8.71793788722374, 9.742509368112906], [8.710316810072754, 9.746469208087547], [8.70486206033587, 9.743341965859088], [8.709946253416888, 9.736350697426815], [8.697287559972949, 9.733663559126], [8.704730987744938, 9.71854972908676], [8.710854530012625, 9.71109962564725], [8.705710410607026, 9.697357178091352], [8.694083842095665, 9.695992199680347], [8.693275730190862, 9.691775051977118], [8.698821067738152, 9.679677010285843], [8.698999405098505, 9.675824166252312], [8.69725418073591, 9.671884536742027], [8.697699546596823, 9.662253380389245], [8.701812744362712, 9.656643868120057], [8.707759856732025, 9.653046607814758], [8.733023643126671, 9.648377418583038], [8.735035895989881, 9.64653587323204], [8.742726326159072, 9.646877289155611], [8.75453090737551, 9.64161014609141], [8.762489319326676, 9.636172294615733], [8.767226219414567, 9.617076873598876], [8.775184631365676, 9.61163902302252], [8.784709930319082, 9.613992691809301], [8.790033340366392, 9.623881340251728], [8.795088767732466, 9.639550209374704], [8.802513122682512, 9.645670890898941], [8.810382842594151, 9.642159461889719], [8.822454453210469, 9.631112099044174], [8.83810424771292, 9.626015662592806], [8.845795631163469, 9.626357079415754], [8.849552155107915, 9.628455161776344], [8.871824264877944, 9.646818161429053], [8.880369185889265, 9.670363426131246], [8.880102158288025, 9.676143645912589], [8.887168884336575, 9.689970969684566], [8.898082732931812, 9.703969001868018], [8.897904395571459, 9.707821845901492], [8.905151367341773, 9.717796325639938], [8.908639907705606, 9.725672722118475], [8.919731140379895, 9.735817909369075], [8.942092896370127, 9.752253533273972], [8.945671082054844, 9.758205414748147], [8.95184802966287, 9.791297912868458], [8.951045989980514, 9.808636664750338], [8.952612876982755, 9.816429138294154], [8.958024979069592, 9.824390411888032], [8.973049163787948, 9.830400467807408], [8.97452831293134, 9.842497826013926], [8.98187732717696, 9.860683440688263], [8.977750778075972, 9.856154442273748], [8.970237731985776, 9.851960182316589], [8.956777572626947, 9.851362227584787], [8.948996543855458, 9.852947235026932], [8.940142446716607, 9.856898929841805], [8.935021861669611, 9.869545886233709], [8.924031550915402, 9.871119451601487], [8.923341818570123, 9.868169320957463], [8.917341231612625, 9.870846748378767], [8.911415356733357, 9.870583989859313], [8.910562195988575, 9.885005534377967], [8.907591200173783, 9.88666800312592], [8.905903673615683, 9.895331440393704], [8.8994633451573, 9.898685924216068], [8.8975119952824, 9.901828788567798], [8.89404368067136, 9.898973840370502], [8.891185422968931, 9.899881296784486], [8.888689253006646, 9.89423504720969], [8.883151315081193, 9.891565787431205], [8.878825543663936, 9.89123798184744], [8.873097423407387, 9.894787177885974], [8.868893264612495, 9.89148416676096], [8.864567494094615, 9.89185646000766], [8.8647457541133, 9.888016437608542], [8.860545953433075, 9.88709623060663], [8.86298253161857, 9.87570270791366], [8.861570659858103, 9.873882037626004], [8.855104385059349, 9.871872946779092], [8.84992742331201, 9.871959234930785], [8.850842620190804, 9.87897831669602], [8.84102277168364, 9.881570436226696], [8.840880164388125, 9.880577623358704], [8.837248417780302, 9.880961635670985], [8.8374134325839, 9.884286342041094], [8.830990281176582, 9.882106445656007], [8.823886870882461, 9.891794205338329], [8.809803963382251, 9.904682159354195], [8.80371379855302, 9.905423164747276]]]}}, {"type": "Feature", "properties": {"level": 2, "state": "Plateau", "name": "Mikang"}, "geometry": {"type": "Polygon", "coordinates": [[[9.785429955228324, 8.890086174437442], [9.800660843722994, 8.905024589013635], [9.796970350701145, 8.91931041414432], [9.805985530807675, 8.920887778248414], [9.81711247735899, 8.926560020028944], [9.82199619986477, 8.935281395220272], [9.825337853958843, 8.936780071343264], [9.829105712958324, 8.952168376269583], [9.831841202409635, 8.958801993317365], [9.835731046350759, 8.963014113810345], [9.837222430770623, 8.969865269666514], [9.842545966723037, 8.978840367888722], [9.838510161015165, 8.989652913251405], [9.829515763341874, 8.997684564191331], [9.816144325700122, 8.999128697331571], [9.816729313107373, 8.996908487037103], [9.788477550798405, 9.01262607962991], [9.78558578255786, 9.01118510490869], [9.776441443617784, 9.001321183326013], [9.763845108265173, 9.008727472694773], [9.760457253299649, 9.014976034216659], [9.759982893295955, 9.026373465363179], [9.764607708179255, 9.029748924972978], [9.752903362700067, 9.046014922350821], [9.742263601384138, 9.036208930597695], [9.736341839104625, 9.044314712653943], [9.739430203641007, 9.058092303916737], [9.74563217758299, 9.062505384216138], [9.750285583712753, 9.078248738788318], [9.742624026277838, 9.097700145645263], [9.721636615137754, 9.093714869245844], [9.718538372447995, 9.091659539755995], [9.717408627905911, 9.107011443723195], [9.718611513410679, 9.115113332614271], [9.69732629177497, 9.122086082206977], [9.683581439431919, 9.136793401594275], [9.675270826887186, 9.141605658574349], [9.636379713353165, 9.14925723443389], [9.623199841199778, 9.136951988943167], [9.596717502210993, 9.127911840958745], [9.583879867062251, 9.126060159348924], [9.549727656406276, 9.081920308275642], [9.539638669588953, 9.081233580565367], [9.527831127804347, 9.093698787569053], [9.50310554428546, 9.098081744177193], [9.494859959919268, 9.086676976361446], [9.485777852266096, 9.079174098905582], [9.476416783008176, 9.07866257891493], [9.460573577608557, 9.06101105002], [9.450923530096873, 9.062217852971571], [9.436007487055917, 9.10304056007385], [9.419582459862681, 9.09080392656], [9.407674284840425, 9.094854103434159], [9.405232490587025, 9.097972052967918], [9.39798141880749, 9.073424437188066], [9.393451270160028, 9.072859603587858], [9.392660984616782, 9.059531965627741], [9.394324742992524, 9.055072358902294], [9.390284187065618, 9.050730056147245], [9.393730542930257, 9.034533978360457], [9.39230446457941, 9.032773490704074], [9.386124792025555, 9.032538759556132], [9.386243632038031, 9.028783021619176], [9.382321916123601, 9.027022506983144], [9.383866835386186, 9.020097729926363], [9.385530592862608, 9.019334824242776], [9.387669710388877, 9.021154060111826], [9.389036368733457, 9.020978006130122], [9.388798688708562, 9.019569564383914], [9.384342193637394, 9.014639973755834], [9.384698713674766, 9.011529601909672], [9.382619016154706, 9.011353543431312], [9.377390061901906, 9.006775963639882], [9.379315267585582, 8.99931673477954], [9.376391807236189, 8.997837781688304], [9.377461366448927, 8.992626186149607], [9.376059056280496, 8.98943345888705], [9.374276457892279, 8.98957431520256], [9.369213880016616, 8.983869596204954], [9.36999504463563, 8.979405396641766], [9.374812125579183, 8.978032112092365], [9.382413863708905, 8.98029994958307], [9.40539932292046, 8.983250618021657], [9.411078452608535, 8.985433579296284], [9.415013313014015, 8.983677864342042], [9.424448966646537, 8.987957953796581], [9.436075211401942, 8.98654365476591], [9.451457977403777, 8.987225533331753], [9.467196464845017, 8.980203628594609], [9.471310615892264, 8.974594116325477], [9.483292580288378, 8.965474129227744], [9.509767364971992, 8.965026822629795], [9.521518707222583, 8.930492401003562], [9.533758309398536, 8.932965820816037], [9.524073782778885, 8.95163870166482], [9.524525564403348, 8.962051728604422], [9.53943435800926, 8.960564171699218], [9.545006330777596, 8.94777092978461], [9.554343151615228, 8.947324646615186], [9.557806811335297, 8.951192422092674], [9.551783056043234, 8.95550643217615], [9.550126522820847, 8.968448153059853], [9.583605842735494, 8.968670117431998], [9.579743546827274, 8.930517374277429], [9.598877906690063, 8.924274445209505], [9.612338066048949, 8.924872398142725], [9.627898216129836, 8.921701430876396], [9.645293235894144, 8.920543670653899], [9.658485412571792, 8.926920890986366], [9.675702094975748, 8.929615974797457], [9.702621460412104, 8.930810928281744], [9.7119684220051, 8.937017442001377], [9.725339890223779, 8.939541817400993], [9.734775542956982, 8.94382190685559], [9.755926131585738, 8.94476127571238], [9.775689124753342, 8.934055328790464], [9.7817249300615, 8.928531646918032], [9.783916472667102, 8.922837256634125], [9.784182548785623, 8.917057991033516], [9.782526969743913, 8.911192894136832], [9.783150672965235, 8.897706985389107], [9.785429955228324, 8.890086174437442]]]}}, {"type": "Feature", "properties": {"level": 2, "state": "Plateau", "name": "Barkin Ladi"}, "geometry": {"type": "Polygon", "coordinates": [[[8.671451998111252, 9.25126735840189], [8.76784947477347, 9.273355411123362], [8.780848636255598, 9.332918788171582], [8.786901621312836, 9.332158694668067], [8.799801259320702, 9.347218436781475], [8.833937616727667, 9.361896056957505], [8.844307949252482, 9.36048136042649], [8.846622189962147, 9.358843676094807], [8.87095159783803, 9.36060571508176], [8.873780409938036, 9.366823499105237], [8.874086853925235, 9.37460614935435], [8.886138066118917, 9.393735693347594], [8.900030225614444, 9.408104383810326], [8.910359287351298, 9.411042598437234], [8.915442778061788, 9.402861465784042], [8.919722407063489, 9.40328313720704], [8.930495490174792, 9.413246209944703], [8.935078902069733, 9.4223357981586], [8.942920016345738, 9.424689956176564], [8.952031359159946, 9.43920764091996], [8.958903906290288, 9.441663686729783], [8.967737674254295, 9.436537968352582], [8.975485873274465, 9.435906029139971], [8.984408723583783, 9.442732746818876], [8.986904477159953, 9.454582077401028], [8.99249347769188, 9.45635353318903], [9.005320743657421, 9.45396472878923], [9.015526532623426, 9.466901978243754], [9.029516004160314, 9.466622722560658], [9.031328101210931, 9.46910534873291], [9.015389223234138, 9.492818016838044], [9.007406901907018, 9.500355621614688], [9.016834274582152, 9.517263017274502], [9.01656788190229, 9.525310372175966], [9.043649101924586, 9.521385075161163], [9.046851788279469, 9.537883684884207], [9.038375016993484, 9.547532715262662], [9.049158778654771, 9.56472465461917], [9.073181520410913, 9.575436045137394], [9.076312946285498, 9.572962809685976], [9.083232867003233, 9.573710952098793], [9.091670557350369, 9.577759327630929], [9.106984511725898, 9.574238849643223], [9.118253041244884, 9.580994154856398], [9.128530723813924, 9.610345115334837], [9.141350602748162, 9.634883853906786], [9.116418941381085, 9.644134570054405], [9.11571003099317, 9.65079350571574], [9.120318256082726, 9.666446834553824], [9.119116447066403, 9.680186194737132], [9.1123683724025, 9.683287543685253], [9.093165707231663, 9.684135381342799], [9.086357527278096, 9.689204374082635], [9.073663202694718, 9.67596487417967], [9.056284165681745, 9.685429028227134], [9.049817293733156, 9.687545912713745], [9.055212823113322, 9.696676370618036], [9.055078033624397, 9.707584932998316], [9.046215031398617, 9.729238846995258], [9.033389162979518, 9.718828057568828], [9.022424096195152, 9.747649690580829], [9.007065202696992, 9.756130028578013], [9.003429898371166, 9.756258094735358], [8.98536424696249, 9.749744469731525], [8.982117822079886, 9.782710081605046], [8.980296281248457, 9.788580795667258], [8.983203402714935, 9.803206941347298], [8.964433110000073, 9.81261213044553], [8.952612876982755, 9.816429138294154], [8.951045989980514, 9.808636664750338], [8.95184802966287, 9.791297912868458], [8.945671082054844, 9.758205414748147], [8.942092896370127, 9.752253533273972], [8.919731140379895, 9.735817909369075], [8.908639907705606, 9.725672722118475], [8.905151367341773, 9.717796325639938], [8.897904395571459, 9.707821845901492], [8.898082732931812, 9.703969001868018], [8.887168884336575, 9.689970969684566], [8.880102158288025, 9.676143645912589], [8.880369185889265, 9.670363426131246], [8.871824264877944, 9.646818161429053], [8.875644643385613, 9.640360176580941], [8.873829401405771, 9.624617652982352], [8.87664036825845, 9.617381685316559], [8.877255536913538, 9.603413327163366], [8.872307252078087, 9.589685505281864], [8.860238843048194, 9.574574706857277], [8.864391324100382, 9.558617685058152], [8.857956742309852, 9.552687245220227], [8.838037453265883, 9.540888550965917], [8.832656837343222, 9.531232924959568], [8.809790052668859, 9.510931790969437], [8.78494706175752, 9.513560467941318], [8.780291511644009, 9.491852912082265], [8.776283458115131, 9.48929333541912], [8.764943389325992, 9.475547948878784], [8.758592116233217, 9.472185389144443], [8.754455519007024, 9.459139687746415], [8.72366077792259, 9.443512817862313], [8.71269646477009, 9.425795139334241], [8.70969139094501, 9.41722087704187], [8.701138652127156, 9.402999666401513], [8.692304492058724, 9.382606523672166], [8.695412636284175, 9.37836742441715], [8.695858002145144, 9.368734359703012], [8.690713881840225, 9.35499286812643], [8.68941497841854, 9.341422081363987], [8.691426277101073, 9.339580536012988], [8.694150925225074, 9.322327613628488], [8.698085784731234, 9.320570946292207], [8.692673682644397, 9.312608719416914], [8.68752860995744, 9.298867226041693], [8.684395790133635, 9.283283234034059], [8.678983688046799, 9.27532196044018], [8.671451998111252, 9.25126735840189]]]}}, {"type": "Feature", "properties": {"level": 2, "state": "Plateau", "name": "Pankshin"}, "geometry": {"type": "Polygon", "coordinates": [[[9.314176755752726, 9.563052628775836], [9.295109758708463, 9.549442987703742], [9.294850359156783, 9.532686045025002], [9.29276538531434, 9.527672063814748], [9.29357877264232, 9.516620693590198], [9.29835131016489, 9.505334597613626], [9.297395909993327, 9.503843609794785], [9.298253234599144, 9.487903488954885], [9.312973552787298, 9.48669328926394], [9.319961793202253, 9.502930613556998], [9.342041981352395, 9.50767977859897], [9.323534404888903, 9.476935983209103], [9.319766319260282, 9.475232385766049], [9.32213695195884, 9.4647839750005], [9.315510015075176, 9.449382608320775], [9.309627914696534, 9.445768607135562], [9.317585590102965, 9.433001064247776], [9.330434821110146, 9.42829612696471], [9.335942118234243, 9.423793665745109], [9.342844834021946, 9.412845242713843], [9.330265974295344, 9.397634627636023], [9.32272092672946, 9.378485794983476], [9.300012215891115, 9.367351333697115], [9.292016861588934, 9.368436072566737], [9.280117335346802, 9.36011631211818], [9.27338188266782, 9.358633887643862], [9.264339034019258, 9.348848750269667], [9.274331761002031, 9.33638176890355], [9.269286011240467, 9.32804719931886], [9.26261057661685, 9.322389146142257], [9.258150834993103, 9.305682691403149], [9.260836700753202, 9.302397530921382], [9.24786720430808, 9.285579322827516], [9.253862748766892, 9.27639008883159], [9.230011993358858, 9.271218741551706], [9.226500871917779, 9.26829472182402], [9.22979402737252, 9.253478981969465], [9.226126437385233, 9.231992476771438], [9.220250940728363, 9.218903376789456], [9.242486556909114, 9.211969112784402], [9.24854480030234, 9.213974603645113], [9.26372715868149, 9.213826371090192], [9.281439179574534, 9.199662370821784], [9.276552939866349, 9.178795985046747], [9.287121977597224, 9.153908814939882], [9.313360206408447, 9.122827504885493], [9.317877778936406, 9.120660416644967], [9.319434100703234, 9.120339195897202], [9.320734863023574, 9.113737259267168], [9.326322822140583, 9.108392118001916], [9.354826562795665, 9.115502934213112], [9.37889757836058, 9.111302172157593], [9.405232490587025, 9.097972052967918], [9.407674284840425, 9.094854103434159], [9.419582459862681, 9.09080392656], [9.436007487055917, 9.10304056007385], [9.450923530096873, 9.062217852971571], [9.460573577608557, 9.06101105002], [9.476416783008176, 9.07866257891493], [9.485777852266096, 9.079174098905582], [9.494859959919268, 9.086676976361446], [9.50310554428546, 9.098081744177193], [9.527831127804347, 9.093698787569053], [9.539638669588953, 9.081233580565367], [9.549727656406276, 9.081920308275642], [9.583879867062251, 9.126060159348924], [9.596717502210993, 9.127911840958745], [9.623199841199778, 9.136951988943167], [9.636379713353165, 9.14925723443389], [9.637984507678937, 9.15719399610606], [9.64548878717784, 9.160472104104372], [9.660245173575959, 9.17012757272937], [9.69155643668023, 9.1749874667982], [9.699915945364637, 9.18054402968329], [9.701018436851427, 9.196023458415937], [9.704405179355604, 9.210685552696134], [9.698517022043006, 9.218963981202819], [9.694409445939243, 9.218367470782198], [9.688587205335295, 9.243188476866749], [9.681127338855674, 9.252084369997704], [9.675241988327173, 9.273067414029981], [9.669707186337632, 9.284058751809994], [9.631572255155504, 9.260538818311886], [9.632648946891436, 9.261503086698156], [9.620514238941041, 9.256709014909177], [9.620450298042897, 9.253803754139994], [9.590087519323617, 9.268030187143495], [9.580952148422966, 9.263482320053072], [9.575706125037698, 9.251554225047471], [9.57818527712891, 9.2402538199579], [9.588007035796124, 9.224603608170014], [9.586181859005649, 9.213524528034611], [9.567967416563079, 9.197892174084643], [9.554625834614626, 9.20047213478125], [9.546065483035648, 9.208841237433205], [9.534442229425395, 9.210003327891343], [9.513077922308298, 9.178772051389103], [9.506007092653249, 9.188713504424754], [9.492589905599687, 9.187330866026684], [9.484681460880779, 9.177746674069795], [9.476284357836903, 9.173699578272988], [9.469887359614006, 9.17589470737488], [9.46500964907608, 9.184275068639579], [9.469868541300173, 9.191874589041106], [9.480487806167389, 9.201849067880232], [9.485119831814814, 9.2097236837011], [9.480621008352898, 9.217041336788327], [9.462746818111214, 9.212642981088777], [9.458455815383616, 9.217489595768257], [9.453873655344978, 9.224053173615118], [9.447144947581307, 9.251503326117643], [9.448029595389585, 9.25437502778533], [9.455309547097954, 9.254446181246294], [9.479201271121838, 9.261820202940044], [9.48967950970166, 9.261816546296643], [9.52096961985211, 9.266753464600754], [9.529584554883343, 9.302335242977108], [9.525083144971234, 9.318416881134226], [9.52786963497573, 9.333815160441361], [9.53224232942, 9.346761120729184], [9.536741016184976, 9.354570436776271], [9.55095429300627, 9.361678436310854], [9.548303972050746, 9.368395548216029], [9.537103151589235, 9.37850479406103], [9.52802420775106, 9.377798515988786], [9.511931372135166, 9.380857318910216], [9.500923696371558, 9.389316950916623], [9.526429109915512, 9.397227801322003], [9.529167368379376, 9.404633086148067], [9.536473543419334, 9.412988539789353], [9.536740223882248, 9.418682200723026], [9.547984031038254, 9.426638055901606], [9.544258884440012, 9.443470019126153], [9.526349474049027, 9.440098255729993], [9.514517553442374, 9.45192888580948], [9.50094938100915, 9.450100639632865], [9.48698561929092, 9.450186334232], [9.484238837052715, 9.475172343428937], [9.425445269783438, 9.4768765029483], [9.40350808103318, 9.51020268090906], [9.401783943074577, 9.519769669734501], [9.397403716808128, 9.531158446704978], [9.351026224780526, 9.53226699782374], [9.314176755752726, 9.563052628775836]]]}}, {"type": "Feature", "properties": {"level": 2, "state": "Plateau", "name": "Bokkos"}, "geometry": {"type": "Polygon", "coordinates": [[[8.657807350029202, 9.207689285931849], [8.66148471834515, 9.195393561563662], [8.667521476934667, 9.18986988059055], [8.673289298662269, 9.1901264202981], [8.677312851107217, 9.186444282877403], [8.687015533240299, 9.184944152550656], [8.690773009566783, 9.187042235810566], [8.708078384010264, 9.187809943873845], [8.748991965806624, 9.1780433649094], [8.761064528805036, 9.166996956244589], [8.764998435929101, 9.165241241290289], [8.767553328923043, 9.15742015761424], [8.767522812228037, 9.136285781963295], [8.761279106145878, 9.120674133104785], [8.761625239912917, 9.11319616956763], [8.76006889296508, 9.105176925674641], [8.768506050014253, 9.097863197228833], [8.768846511757147, 9.095305442592178], [8.780188559954127, 9.086765288887023], [8.791902541669003, 9.08342361500786], [8.799438477303909, 9.071156501671283], [8.789483070387462, 9.052428245966837], [8.789928436248374, 9.042796135433377], [8.798154830880776, 9.031578064176358], [8.806030273178635, 9.032741546785019], [8.811725615844523, 9.03030204760148], [8.850249289772933, 9.030030250895436], [8.861964225668544, 9.02668953029763], [8.875513077066898, 9.025360106583719], [8.885354995836451, 9.021609305924756], [8.894920348795097, 9.022360802808862], [8.91817678183304, 9.017146484122975], [8.951128006352462, 9.01520442964079], [8.954884529397589, 9.017301558720021], [8.966815948297437, 9.015042306157568], [8.995292664325063, 9.019022942055187], [9.000943183880906, 9.021277428210794], [9.020171164967337, 9.02213096577151], [9.023927688911783, 9.024228095750061], [9.039221763773412, 9.026837349164396], [9.044990539681692, 9.027093887073306], [9.054117000099552, 9.02490813070574], [9.05688089283899, 9.026317573397364], [9.079732796431472, 9.02830727036428], [9.07193822027267, 9.04388550131489], [9.078080111408042, 9.067915422358908], [9.103154845919448, 9.08623081100319], [9.099571721158043, 9.09328222699321], [9.106279608717045, 9.103899442305476], [9.142161769649988, 9.131388585814648], [9.128592635841528, 9.144717390195467], [9.126839031596091, 9.156763580574818], [9.118943427397312, 9.161529804856684], [9.114952461886674, 9.166196369866611], [9.107208686631623, 9.186893439380754], [9.089244692788384, 9.191267988227139], [9.094427331955842, 9.202476171438207], [9.112974519958186, 9.232791834675481], [9.111383856679709, 9.234806480634631], [9.111030050796273, 9.239505557935217], [9.115641812919364, 9.261512534975566], [9.108540332570328, 9.282530244275392], [9.110755849303075, 9.290277091614541], [9.12489219631783, 9.299920598357005], [9.147764797807213, 9.307816720565256], [9.147714012191955, 9.314217527416986], [9.133142262005833, 9.323680696706845], [9.115315836556647, 9.33192825508496], [9.092617377989654, 9.329361239229854], [9.093419202734083, 9.350258260410442], [9.081977006933357, 9.356219711570475], [9.077025400901562, 9.365861539278683], [9.072651995992885, 9.37944831598702], [9.061890879260716, 9.377158526944527], [9.041895896978133, 9.398559334845459], [9.043786505742673, 9.402180315669057], [9.039751906925005, 9.41104671283557], [9.017145984099955, 9.41971746698755], [9.013156641865578, 9.431578042692593], [9.015210581902863, 9.437640806977697], [9.010294375884769, 9.443033623103247], [9.005320743657421, 9.45396472878923], [8.99249347769188, 9.45635353318903], [8.986904477159953, 9.454582077401028], [8.984408723583783, 9.442732746818876], [8.975485873274465, 9.435906029139971], [8.967737674254295, 9.436537968352582], [8.958903906290288, 9.441663686729783], [8.952031359159946, 9.43920764091996], [8.942920016345738, 9.424689956176564], [8.935078902069733, 9.4223357981586], [8.930495490174792, 9.413246209944703], [8.919722407063489, 9.40328313720704], [8.915442778061788, 9.402861465784042], [8.910359287351298, 9.411042598437234], [8.900030225614444, 9.408104383810326], [8.886138066118917, 9.393735693347594], [8.874086853925235, 9.37460614935435], [8.873780409938036, 9.366823499105237], [8.87095159783803, 9.36060571508176], [8.846622189962147, 9.358843676094807], [8.844307949252482, 9.36048136042649], [8.833937616727667, 9.361896056957505], [8.799801259320702, 9.347218436781475], [8.786901621312836, 9.332158694668067], [8.780848636255598, 9.332918788171582], [8.76784947477347, 9.273355411123362], [8.671451998111252, 9.25126735840189], [8.657807350029202, 9.207689285931849]]]}}, {"type": "Feature", "properties": {"level": 2, "state": "Plateau", "name": "Wase"}, "geometry": {"type": "Polygon", "coordinates": [[[10.560273915009248, 9.390169142192235], [10.524314559869083, 9.380402399551144], [10.507266476966379, 9.388698612151302], [10.487654365756441, 9.382538132928516], [10.464631347258944, 9.372806037568637], [10.449369959156343, 9.357833911006253], [10.436196792348142, 9.3482076505627], [10.427216452877076, 9.326707912740005], [10.378309570830083, 9.35197359400621], [10.371471106206627, 9.358169860850467], [10.36964559396904, 9.374816424338576], [10.367566711234758, 9.379578155607419], [10.371434539772224, 9.40180930125831], [10.357057140274833, 9.413914331581168], [10.350246547440236, 9.417881903027478], [10.325916290604368, 9.415247890377884], [10.304575182398821, 9.417905753947423], [10.301398839884598, 9.423366405035608], [10.300974334697855, 9.450878151205757], [10.293500769744753, 9.471584706768851], [10.276595884992162, 9.48144918772988], [10.273324664901395, 9.48074470470442], [10.266455172768076, 9.438819285781449], [10.23710170767771, 9.41741565400929], [10.219142938895573, 9.442205505779498], [10.188637027676748, 9.453678684124043], [10.17370802360648, 9.4435892872159], [10.157491077950908, 9.439189973738337], [10.143696940961092, 9.430309635281503], [10.14256218629589, 9.420382442795528], [10.140742602389253, 9.416775178431806], [10.119551976842331, 9.406568696088527], [10.107007856127723, 9.39708110390984], [10.09662886493021, 9.38494236879535], [10.095260623778813, 9.379693588088685], [10.09845353630169, 9.368495197595337], [10.09536805229385, 9.366826746557138], [10.09266611564874, 9.361181173272598], [10.0839192347849, 9.353354875327284], [10.076006309643503, 9.342377852955622], [10.056497435208541, 9.344499491258546], [10.04367876676173, 9.326400513672809], [10.038875146870566, 9.323694005773802], [10.036000764323887, 9.302539837843312], [10.021614446249771, 9.299096616116003], [10.010511832655027, 9.309391724848297], [9.991168709568342, 9.301360062217157], [9.991700934650453, 9.288657616755643], [9.993872178658194, 9.281601222118752], [10.007953290212242, 9.267317601226353], [10.001940738674193, 9.254423992273473], [10.011579765893543, 9.238636161729517], [10.011576818815172, 9.235859846654648], [9.992339582805528, 9.228155938345935], [9.97397919298544, 9.239900718243575], [9.964344063427859, 9.234545513564626], [9.960436385031187, 9.221029195141284], [9.95696722505744, 9.217911920099084], [9.952570915315562, 9.20280763096747], [9.9307292561503, 9.209142047167802], [9.924001283132782, 9.19982272443923], [9.920877156155882, 9.181286239268559], [9.923767046611943, 9.169686806001323], [9.93060990802087, 9.161259775318399], [9.931223669237, 9.150093034665872], [9.92122926501861, 9.14895625113013], [9.915248783304776, 9.156921406197966], [9.901270043377849, 9.144608006554336], [9.910518799003398, 9.141100327717993], [9.912321903732902, 9.126857462302098], [9.91781709238495, 9.12356827195822], [9.921142546991007, 9.11288431525901], [9.938440270901822, 9.105593095045322], [9.93581416329306, 9.09454668817915], [9.921192587967596, 9.078091854755314], [9.910763109729771, 9.062806275789058], [9.909157470041237, 9.055685120072269], [9.89655512362009, 9.047999843018374], [9.889303228960898, 9.03917382810971], [9.885182216086434, 9.036878790623746], [9.86614507833275, 9.034188796076137], [9.865165579927634, 9.026460943317943], [9.873869234877361, 9.019215991424915], [9.881530896633649, 9.005566052631252], [9.882028450152916, 9.001093796041914], [9.874316077425078, 8.996137778835475], [9.878518921411171, 8.978113804708357], [9.882297912218917, 8.974213445893838], [9.86657317001584, 8.957094483823425], [9.865434249690907, 8.953923407739126], [9.880662837719854, 8.94019786384041], [9.8832717997538, 8.931215473015698], [9.884520798895778, 8.917057998228074], [9.88912023760895, 8.894530725612526], [9.884082569155282, 8.889204473707537], [9.875761339214478, 8.87258532515267], [9.878797531380997, 8.868037816891785], [9.879541179881585, 8.858443666741891], [9.878187672323293, 8.845242799915354], [9.882652959166762, 8.839546209889704], [9.87210531990462, 8.800798836796957], [9.887701782811064, 8.794994966644424], [9.889018058436704, 8.791423972838118], [9.909923026026888, 8.76271813383488], [9.912092236667434, 8.751619572585241], [9.915780357277697, 8.743537502054153], [9.906131547233144, 8.727450755747839], [9.902980666324765, 8.684369743069226], [9.895817568026416, 8.67166856025591], [9.906893347649941, 8.657481233372266], [9.933276208130565, 8.640635679593004], [9.95415954702554, 8.6400922138846], [9.962713639323056, 8.643398385227329], [9.97442564612669, 8.651434762104657], [9.969613937733072, 8.617409088758507], [9.98712070635554, 8.631739279244414], [9.99450782217832, 8.619565526328017], [10.016678708755478, 8.613499722334382], [10.038332657825947, 8.598416149985383], [10.051843170226164, 8.591765963828209], [10.066206932404043, 8.61315059832151], [10.085717200788224, 8.634789466660607], [10.087177277109674, 8.640045165851745], [10.097175597875605, 8.645686149895937], [10.11644744879078, 8.672503471058405], [10.127986908069374, 8.681674003652404], [10.17042732196336, 8.725105286080122], [10.177096366903868, 8.728865623150057], [10.180347443080109, 8.732471465685649], [10.188146591392126, 8.748394011974142], [10.206195831072819, 8.764776231437963], [10.224076270703392, 8.784611701868585], [10.235707282764963, 8.792056083821251], [10.245595932106653, 8.804408074273283], [10.261806488079003, 8.819181442569572], [10.266937256149504, 8.819411277808285], [10.276936531096055, 8.825052261852477], [10.286856651313428, 8.832418443256586], [10.291896819882368, 8.834375380619349], [10.305075645224917, 8.845348357840464], [10.325076102580113, 8.85662937174817], [10.341096878218423, 8.87984085127431], [10.350927353114912, 8.888934134802525], [10.369147301207022, 8.901864052084363], [10.380526542665848, 8.914486885061763], [10.397196770015, 8.923887252894474], [10.406956673311868, 8.934706687963342], [10.426877021757207, 8.947713851613003], [10.463807106013178, 8.963215828148009], [10.47918701217094, 8.963907242225503], [10.489356041348287, 8.966094970806296], [10.497977257244656, 8.964753150837282], [10.50977706935629, 8.968743324045192], [10.51839637779068, 8.967401504975498], [10.530277252093583, 8.969665526642814], [10.538826942209653, 8.970049858214452], [10.544027327699041, 8.96855449699251], [10.566246986309409, 8.969553946857218], [10.579746246392233, 8.97362136823159], [10.596746444892574, 8.976116180217616], [10.603165626692373, 8.985055923392224], [10.606257439229466, 8.992115021391157], [10.627225875573743, 9.019009589820769], [10.630065918407468, 9.031248093025113], [10.629816055266758, 9.036427498230523], [10.637447356810128, 9.055801391621003], [10.637197494568795, 9.060980796826357], [10.640036583221786, 9.073219299131381], [10.637916564597845, 9.081773758352313], [10.62252521456702, 9.094029426916563], [10.625289916696374, 9.103053093025892], [10.632630347812324, 9.111101151197204], [10.63611984325621, 9.11897754677642], [10.635760306892678, 9.12668418902416], [10.633660316170676, 9.130452155942294], [10.625610352335968, 9.137816428985047], [10.617739677344275, 9.141327857994327], [10.613539695900272, 9.148863792729912], [10.61511039692732, 9.15665531209305], [10.610369681915358, 9.17574977892923], [10.614236832363986, 9.182785035001416], [10.610486984087117, 9.189537047796591], [10.599906920667877, 9.195981026603135], [10.599657059325864, 9.201160430909226], [10.595719337277615, 9.20825481380865], [10.597229958196067, 9.209915161055903], [10.596610068999553, 9.223401069803572], [10.588199614620578, 9.238471985094066], [10.580149650785813, 9.245836258136876], [10.577750205607572, 9.29785346976189], [10.579489707584003, 9.301792145091497], [10.580880164687926, 9.313437461769468], [10.580260277289995, 9.326922418135155], [10.578069687066431, 9.332616805721045], [10.570110320934589, 9.338054657196722], [10.567919730711026, 9.343749045681989], [10.559869765976941, 9.351113318724742], [10.561619759444397, 9.35505199405435], [10.561260223080865, 9.36275863630209], [10.566579819103424, 9.37264728564378], [10.564390182161219, 9.37834167502831], [10.560370444640341, 9.382023810650367], [10.560273915009248, 9.390169142192235]]]}}, {"type": "Feature", "properties": {"level": 2, "state": "Plateau", "name": "Bassa"}, "geometry": {"type": "Polygon", "coordinates": [[[8.679643830898101, 10.011051521210788], [8.679919242878782, 10.005089759784653], [8.676608085694625, 9.993362426734677], [8.673029900009908, 9.987412452722538], [8.66492354958217, 9.963902227405924], [8.6465989293971, 9.90519865439444], [8.638149414763745, 9.885661395557008], [8.63469241092605, 9.8668341083075], [8.639313168068327, 9.8558079757575], [8.64394792315818, 9.83473182671247], [8.642521843908014, 9.81084389782768], [8.64394792315818, 9.775360122171946], [8.635090976967035, 9.757601886018278], [8.660360195266833, 9.74568654699658], [8.678492355138133, 9.7471609890884], [8.68598557567384, 9.768975836765492], [8.725356621410981, 9.767121914944482], [8.726877524278393, 9.772375093335938], [8.75376770941233, 9.78058355908405], [8.759186807325364, 9.786485981442922], [8.751393288769293, 9.792056100708521], [8.75156441806348, 9.795934713016663], [8.757833971560615, 9.800595326313328], [8.777881591162554, 9.803321427741764], [8.777545929101393, 9.810585975862125], [8.781035422746584, 9.818462373239981], [8.78085708628555, 9.82231616965555], [8.789053757424995, 9.838020187881398], [8.787665203286565, 9.84212456509664], [8.788675341593773, 9.850320820749346], [8.787324776617197, 9.858307098194075], [8.784680589937352, 9.860238994833821], [8.783611030724558, 9.86919583142253], [8.785710930614982, 9.873588688667098], [8.79038846825324, 9.877072960848523], [8.791871589702168, 9.886064460906198], [8.796948429026827, 9.890897290777389], [8.80853010428092, 9.894513685957918], [8.80604553197577, 9.902585030274963], [8.80371379855302, 9.905423164747276], [8.799921988808762, 9.910035132815153], [8.79956531498732, 9.917740821781535], [8.806544304076397, 9.933494568019967], [8.810121535580436, 9.93944454203205], [8.819291114893076, 9.949504853066571], [8.824614524940444, 9.9593944547903], [8.837116792106315, 9.971086770038482], [8.8356532992604, 9.973541393120854], [8.837877980984103, 9.97713696270074], [8.841346033892421, 9.975726732202986], [8.842956889648804, 9.977418545829266], [8.841672385272432, 9.979384514184005], [8.843696380583538, 9.983035857918537], [8.846916634295269, 9.98208421061787], [8.851012012894103, 9.98706972288943], [8.847506085037821, 9.98708500686763], [8.844692570405869, 9.995023329762887], [8.846228858874781, 9.995900697559193], [8.855706338177015, 9.994408486662394], [8.881471289768285, 10.006945857065716], [8.875975368168781, 10.018628040551675], [8.88545878929176, 10.018417389650836], [8.888099257274973, 10.01136890185336], [8.902611732245703, 10.022700310171217], [8.912225723238578, 10.023130418134315], [8.917905807107388, 10.025309562686232], [8.938685901133454, 10.026567162944275], [8.952092870989247, 10.093011841123598], [8.968270303132044, 10.102840423846544], [8.974357605419186, 10.13786029861393], [8.972167969376358, 10.143549918893711], [8.971811295554915, 10.15126037606558], [8.977134704702905, 10.161149978688627], [8.976689339741313, 10.170780181760051], [8.978166579623974, 10.180500031950942], [8.973875998678466, 10.189959525711572], [8.930326461696893, 10.21504974385067], [8.929701805194213, 10.228540420803824], [8.931246757731742, 10.245111464622426], [8.9346685423194, 10.246129990007091], [8.936413764883412, 10.250069617718736], [8.935611725201, 10.267410278861348], [8.939189910885716, 10.273360252873431], [8.9538602834254, 10.28946018324092], [8.954892159245787, 10.308810233805275], [8.948678018375915, 10.318180084043718], [8.94631004317398, 10.327730180003869], [8.942196846307468, 10.33333969137368], [8.93571567513834, 10.348500251985115], [8.929770470231063, 10.352089882442158], [8.925834657443545, 10.353850364702623], [8.91814327309362, 10.353509902959729], [8.898693084818035, 10.358214377991203], [8.870192528662301, 10.357634543699305], [8.838076146596961, 10.370377187956933], [8.823150032048375, 10.374218050322838], [8.820630627201751, 10.375480535698216], [8.818318428852479, 10.380446247596296], [8.805094778601187, 10.355613826417027], [8.804025219388393, 10.345443006689436], [8.801093129144647, 10.338476489398488], [8.799274878932579, 10.322872450603143], [8.799274878932579, 10.302921225734053], [8.790718408827559, 10.293492360184302], [8.769241669367602, 10.285157680882321], [8.763423268868792, 10.281369116791382], [8.757262610680982, 10.280106252801374], [8.74956178794622, 10.280948163027347], [8.738592149008525, 10.277970314378535], [8.734277066033826, 10.275103278393658], [8.728683999666885, 10.248280402118894], [8.712531286289902, 10.230251818067018], [8.686072779335348, 10.211230412153839], [8.6808723461819, 10.177011473600658], [8.672030659687266, 10.146223459445139], [8.673171523447081, 10.137613513852614], [8.671650373266175, 10.124604573142562], [8.672268339712161, 10.08173684637842], [8.679643830898101, 10.011051521210788]]]}}, {"type": "Feature", "properties": {"level": 2, "state": "Plateau", "name": "Kanam"}, "geometry": {"type": "Polygon", "coordinates": [[[9.972589634304256, 9.699527657675333], [9.975138663718383, 9.689331055284015], [9.991656303095965, 9.645744324141276], [9.991197585899897, 9.638402938844592], [9.98064422605023, 9.623262405235835], [9.96229171788849, 9.612709998667526], [9.942169718957416, 9.60905119505668], [9.935597737845399, 9.605102759384863], [9.915951729388837, 9.61087417570269], [9.906775475307995, 9.61179161099409], [9.901987851658077, 9.608671950050507], [9.83887100229498, 9.60123920442578], [9.831425263265317, 9.598602098108415], [9.824209220079467, 9.583241459925489], [9.807758447994047, 9.57999554315984], [9.803285141895856, 9.579112905336387], [9.784272194106507, 9.557192801906353], [9.760875973147677, 9.538709167194384], [9.76269042372411, 9.52848917343664], [9.772207467800456, 9.510255886599907], [9.765885473935498, 9.484259945939812], [9.762644042088937, 9.460237510852494], [9.766826947205914, 9.45115447869631], [9.77071074320628, 9.447764738751744], [9.769312731797186, 9.412049796860686], [9.775326729445055, 9.393229698791629], [9.774626550574908, 9.384332936915541], [9.759773237944614, 9.369067592695274], [9.758821977352397, 9.356751560735972], [9.766322333109258, 9.339022834935918], [9.76291787396076, 9.325661010147542], [9.76803707495111, 9.296019717036359], [9.783148096407558, 9.29371519889736], [9.787263798785318, 9.296823469027913], [9.800925244404539, 9.297968321281076], [9.808036511176113, 9.291904744008775], [9.812752160283992, 9.28260461640997], [9.832180948292205, 9.275642283664524], [9.841708995573754, 9.279546677737017], [9.850655507046042, 9.280907712620888], [9.850801774582294, 9.267259442968964], [9.864305221009204, 9.267560687975447], [9.866093851150367, 9.261364794349845], [9.873618104591912, 9.258635903224388], [9.87994691891521, 9.25897036558996], [9.893964097665048, 9.243041181405431], [9.890880226141576, 9.24158769261794], [9.887056112749462, 9.23548890598829], [9.885356525383372, 9.223901260135108], [9.893591673117271, 9.216851506092155], [9.899535052400779, 9.215589070179476], [9.903570556835803, 9.211710610756143], [9.91609944303491, 9.214418237411792], [9.92794456119259, 9.212607779825248], [9.9307292561503, 9.209142047167802], [9.952570915315562, 9.20280763096747], [9.95696722505744, 9.217911920099084], [9.960436385031187, 9.221029195141284], [9.964344063427859, 9.234545513564626], [9.97397919298544, 9.239900718243575], [9.992339582805528, 9.228155938345935], [10.011576818815172, 9.235859846654648], [10.011579765893543, 9.238636161729517], [10.001940738674193, 9.254423992273473], [10.007953290212242, 9.267317601226353], [9.993872178658194, 9.281601222118752], [9.991700934650453, 9.288657616755643], [9.991168709568342, 9.301360062217157], [10.010511832655027, 9.309391724848297], [10.021614446249771, 9.299096616116003], [10.036000764323887, 9.302539837843312], [10.038875146870566, 9.323694005773802], [10.04367876676173, 9.326400513672809], [10.056497435208541, 9.344499491258546], [10.076006309643503, 9.342377852955622], [10.0839192347849, 9.353354875327284], [10.09266611564874, 9.361181173272598], [10.09536805229385, 9.366826746557138], [10.09845353630169, 9.368495197595337], [10.095260623778813, 9.379693588088685], [10.09662886493021, 9.38494236879535], [10.107007856127723, 9.39708110390984], [10.119551976842331, 9.406568696088527], [10.140742602389253, 9.416775178431806], [10.14256218629589, 9.420382442795528], [10.143696940961092, 9.430309635281503], [10.157491077950908, 9.439189973738337], [10.17370802360648, 9.4435892872159], [10.188637027676748, 9.453678684124043], [10.219142938895573, 9.442205505779498], [10.23710170767771, 9.41741565400929], [10.266455172768076, 9.438819285781449], [10.273324664901395, 9.48074470470442], [10.276595884992162, 9.48144918772988], [10.293500769744753, 9.471584706768851], [10.300974334697855, 9.450878151205757], [10.301398839884598, 9.423366405035608], [10.304575182398821, 9.417905753947423], [10.325916290604368, 9.415247890377884], [10.350246547440236, 9.417881903027478], [10.357057140274833, 9.413914331581168], [10.371434539772224, 9.40180930125831], [10.367566711234758, 9.379578155607419], [10.36964559396904, 9.374816424338576], [10.371471106206627, 9.358169860850467], [10.378309570830083, 9.35197359400621], [10.427216452877076, 9.326707912740005], [10.436196792348142, 9.3482076505627], [10.449369959156343, 9.357833911006253], [10.464631347258944, 9.372806037568637], [10.487654365756441, 9.382538132928516], [10.507266476966379, 9.388698612151302], [10.524314559869083, 9.380402399551144], [10.560273915009248, 9.390169142192235], [10.563590049940899, 9.395680427809566], [10.569179535207411, 9.399789809751951], [10.57835006690209, 9.409849166605795], [10.57991981464778, 9.417640685968934], [10.578940391785693, 9.438833237863662], [10.576660156241246, 9.446454047916006], [10.566149712039646, 9.465291977742652], [10.540963806034881, 9.483537022315772], [10.522958902931066, 9.4883910078388], [10.50763034806215, 9.522539139169965], [10.49967002864895, 9.527976989746321], [10.49127006486168, 9.543047905036815], [10.48890018489567, 9.552595139354253], [10.479020118683593, 9.557948112815211], [10.465379715401582, 9.561203957196938], [10.453399657568184, 9.570323944294614], [10.439669608965346, 9.575506210243475], [10.42383956874113, 9.584454537447016], [10.416150092752616, 9.584114074804745], [10.404259682038742, 9.591308593616759], [10.382749557046452, 9.59807491282703], [10.372870445015053, 9.603427887187308], [10.353010177577687, 9.616060256575622], [10.326860427666645, 9.639995575235673], [10.311823222563703, 9.64404020958807], [10.300273623429007, 9.652740607193323], [10.29536598525209, 9.658243110031549], [10.292391659247698, 9.665530211350244], [10.267377575015132, 9.681050243573907], [10.264879140559913, 9.681264396434813], [10.260596111221616, 9.687117869594033], [10.226453820087784, 9.690065427277716], [10.206823265581306, 9.688429547885391], [10.19953616696057, 9.689767993598082], [10.165182698822548, 9.68411677436967], [10.152244380074137, 9.67876298792163], [10.15001363512124, 9.680696299194892], [10.146497291316962, 9.690305485110116], [10.143198785795391, 9.692126008808316], [10.12993625695276, 9.692266580937996], [10.121665003237354, 9.694164300642], [10.11531895430636, 9.69367230133571], [10.108758992633454, 9.690579709985684], [10.103696414757792, 9.700911664841499], [10.10486917297402, 9.71051175231554], [10.103291093009602, 9.719512445243197], [10.095959572376387, 9.72422778858163], [10.084918639683508, 9.724707533725734], [10.071076025638149, 9.730845437267192], [10.05344452014856, 9.729011975022672], [10.048474923179185, 9.726043401082165], [10.046818389956798, 9.728863547314916], [10.04184879208816, 9.730496252100409], [10.03883691489176, 9.727082404929092], [10.013537143024791, 9.719067147730755], [10.00570626213431, 9.717582820291], [9.99561647222248, 9.718176551806494], [9.98432193161193, 9.712981361700542], [9.972589634304256, 9.699527657675333]]]}}, {"type": "Feature", "properties": {"level": 2, "state": "Plateau", "name": "Langtang South"}, "geometry": {"type": "Polygon", "coordinates": [[[10.051843170226164, 8.591765963828209], [10.038332657825947, 8.598416149985383], [10.016678708755478, 8.613499722334382], [9.99450782217832, 8.619565526328017], [9.98712070635554, 8.631739279244414], [9.969613937733072, 8.617409088758507], [9.97442564612669, 8.651434762104657], [9.962713639323056, 8.643398385227329], [9.95415954702554, 8.6400922138846], [9.933276208130565, 8.640635679593004], [9.906893347649941, 8.657481233372266], [9.895817568026416, 8.67166856025591], [9.902980666324765, 8.684369743069226], [9.906131547233144, 8.727450755747839], [9.915780357277697, 8.743537502054153], [9.912092236667434, 8.751619572585241], [9.909923026026888, 8.76271813383488], [9.889018058436704, 8.791423972838118], [9.887701782811064, 8.794994966644424], [9.87210531990462, 8.800798836796957], [9.836119306161095, 8.816410696096796], [9.832625460696477, 8.820800687201995], [9.80301375617995, 8.817531411445543], [9.773962957024878, 8.804717943778144], [9.774233818436016, 8.79885578226856], [9.772400856214574, 8.796843529405407], [9.773113250576102, 8.781431198191285], [9.76228904730175, 8.765506744440756], [9.751108170205953, 8.75728797875729], [9.739748954850427, 8.752923013086615], [9.724455833270156, 8.750313758773018], [9.708895683189269, 8.753483771858612], [9.701381682918395, 8.749288558620151], [9.69185638396499, 8.746935844014047], [9.671598759175424, 8.726733747864216], [9.670118332095399, 8.717012404798709], [9.686008051330532, 8.687721120633284], [9.675586375610806, 8.684287778857936], [9.67386090935355, 8.681457064691813], [9.6582622530006, 8.68173694630309], [9.65477275755677, 8.673860549824553], [9.655307769637886, 8.662301064442602], [9.65767669722186, 8.65275383012522], [9.663077608145159, 8.64246200301909], [9.661510721142918, 8.634670391025793], [9.655141991309904, 8.62421766711168], [9.657445907802469, 8.616064072598931], [9.657891272764061, 8.606431006985417], [9.674579739263606, 8.608492082243856], [9.681044628207076, 8.596271776821084], [9.677051607745568, 8.583111008066624], [9.664692261738537, 8.58029078269351], [9.659378583255034, 8.574259052213563], [9.661774635291238, 8.564132689572034], [9.67840385355504, 8.53784370392384], [9.680594443778602, 8.53214931633795], [9.678849220315328, 8.5282115942897], [9.681129455859775, 8.520590782438717], [9.681485176399804, 8.512884140190977], [9.691544533253648, 8.503678321797167], [9.69610309598113, 8.48843669899452], [9.704418181753738, 8.475292206170423], [9.704952239654176, 8.463733673170509], [9.713267326326104, 8.45058918034647], [9.723327637360626, 8.44138336195266], [9.733742713855236, 8.42447090131111], [9.734723090898001, 8.4032793053957], [9.739103317164393, 8.391890525727206], [9.745050430433082, 8.388293266321227], [9.751174926881447, 8.380843162881717], [9.756654738925135, 8.367341996236178], [9.761323929056118, 8.369710922021511], [9.76499080678036, 8.37373447356714], [9.784161567602325, 8.38241958629493], [9.796966552864149, 8.39059829707378], [9.80233097109749, 8.391323090388369], [9.809424399816237, 8.397447585937414], [9.821446419117024, 8.402791022987344], [9.856025696228926, 8.425495148182563], [9.869446753964553, 8.431289672580363], [9.879366875081246, 8.438655853085208], [9.890913963308833, 8.447825432397849], [9.920263289719117, 8.47855758696312], [9.950106620923862, 8.498931885298305], [9.963113784573522, 8.513357162003445], [9.997756957617526, 8.540867804705499], [10.00417709359806, 8.549806596397332], [10.025476456173578, 8.569796562261615], [10.051843170226164, 8.591765963828209]]]}}, {"type": "Feature", "properties": {"level": 2, "state": "Plateau", "name": "Mangu"}, "geometry": {"type": "Polygon", "coordinates": [[[9.157622926856618, 9.740824501749387], [9.139144752828145, 9.735377148936323], [9.136296354393266, 9.73084666304311], [9.129415145892324, 9.732156793601177], [9.107399077605407, 9.721109351615326], [9.106550907198653, 9.71361831373423], [9.100684225696511, 9.710949400194693], [9.086357527278096, 9.689204374082635], [9.093165707231663, 9.684135381342799], [9.1123683724025, 9.683287543685253], [9.119116447066403, 9.680186194737132], [9.120318256082726, 9.666446834553824], [9.11571003099317, 9.65079350571574], [9.116418941381085, 9.644134570054405], [9.141350602748162, 9.634883853906786], [9.128530723813924, 9.610345115334837], [9.118253041244884, 9.580994154856398], [9.106984511725898, 9.574238849643223], [9.091670557350369, 9.577759327630929], [9.083232867003233, 9.573710952098793], [9.076312946285498, 9.572962809685976], [9.073181520410913, 9.575436045137394], [9.049158778654771, 9.56472465461917], [9.038375016993484, 9.547532715262662], [9.046851788279469, 9.537883684884207], [9.043649101924586, 9.521385075161163], [9.01656788190229, 9.525310372175966], [9.016834274582152, 9.517263017274502], [9.007406901907018, 9.500355621614688], [9.015389223234138, 9.492818016838044], [9.031328101210931, 9.46910534873291], [9.029516004160314, 9.466622722560658], [9.015526532623426, 9.466901978243754], [9.005320743657421, 9.45396472878923], [9.010294375884769, 9.443033623103247], [9.015210581902863, 9.437640806977697], [9.013156641865578, 9.431578042692593], [9.017145984099955, 9.41971746698755], [9.039751906925005, 9.41104671283557], [9.043786505742673, 9.402180315669057], [9.041895896978133, 9.398559334845459], [9.061890879260716, 9.377158526944527], [9.072651995992885, 9.37944831598702], [9.077025400901562, 9.365861539278683], [9.081977006933357, 9.356219711570475], [9.093419202734083, 9.350258260410442], [9.092617377989654, 9.329361239229854], [9.115315836556647, 9.33192825508496], [9.133142262005833, 9.323680696706845], [9.147714012191955, 9.314217527416986], [9.147764797807213, 9.307816720565256], [9.12489219631783, 9.299920598357005], [9.110755849303075, 9.290277091614541], [9.108540332570328, 9.282530244275392], [9.115641812919364, 9.261512534975566], [9.111030050796273, 9.239505557935217], [9.111383856679709, 9.234806480634631], [9.112974519958186, 9.232791834675481], [9.094427331955842, 9.202476171438207], [9.089244692788384, 9.191267988227139], [9.107208686631623, 9.186893439380754], [9.114952461886674, 9.166196369866611], [9.118943427397312, 9.161529804856684], [9.126839031596091, 9.156763580574818], [9.128592635841528, 9.144717390195467], [9.142161769649988, 9.131388585814648], [9.106279608717045, 9.103899442305476], [9.099571721158043, 9.09328222699321], [9.103154845919448, 9.08623081100319], [9.078080111408042, 9.067915422358908], [9.07193822027267, 9.04388550131489], [9.079732796431472, 9.02830727036428], [9.093318639643542, 9.018679991888177], [9.131177780230416, 9.042603773145686], [9.156139228043003, 9.025700916364258], [9.183957901136296, 9.0405384728723], [9.218568557393041, 9.033874240204057], [9.230331712238751, 9.07017680001934], [9.24282708160456, 9.071498609173545], [9.262851972640476, 9.100690003840668], [9.262918333614266, 9.10522759527737], [9.265618449132148, 9.111258655762413], [9.270491508376438, 9.112752668900612], [9.29162669971248, 9.111107725241368], [9.301289852145032, 9.105222398095236], [9.317877778936406, 9.120660416644967], [9.313360206408447, 9.122827504885493], [9.287121977597224, 9.153908814939882], [9.276552939866349, 9.178795985046747], [9.281439179574534, 9.199662370821784], [9.26372715868149, 9.213826371090192], [9.24854480030234, 9.213974603645113], [9.242486556909114, 9.211969112784402], [9.220250940728363, 9.218903376789456], [9.226126437385233, 9.231992476771438], [9.22979402737252, 9.253478981969465], [9.226500871917779, 9.26829472182402], [9.230011993358858, 9.271218741551706], [9.253862748766892, 9.27639008883159], [9.24786720430808, 9.285579322827516], [9.260836700753202, 9.302397530921382], [9.258150834993103, 9.305682691403149], [9.26261057661685, 9.322389146142257], [9.269286011240467, 9.32804719931886], [9.274331761002031, 9.33638176890355], [9.264339034019258, 9.348848750269667], [9.27338188266782, 9.358633887643862], [9.280117335346802, 9.36011631211818], [9.292016861588934, 9.368436072566737], [9.300012215891115, 9.367351333697115], [9.32272092672946, 9.378485794983476], [9.330265974295344, 9.397634627636023], [9.342844834021946, 9.412845242713843], [9.335942118234243, 9.423793665745109], [9.330434821110146, 9.42829612696471], [9.317585590102965, 9.433001064247776], [9.309627914696534, 9.445768607135562], [9.315510015075176, 9.449382608320775], [9.32213695195884, 9.4647839750005], [9.319766319260282, 9.475232385766049], [9.323534404888903, 9.476935983209103], [9.342041981352395, 9.50767977859897], [9.319961793202253, 9.502930613556998], [9.312973552787298, 9.48669328926394], [9.298253234599144, 9.487903488954885], [9.297395909993327, 9.503843609794785], [9.29835131016489, 9.505334597613626], [9.29357877264232, 9.516620693590198], [9.29276538531434, 9.527672063814748], [9.294850359156783, 9.532686045025002], [9.295109758708463, 9.549442987703742], [9.314176755752726, 9.563052628775836], [9.30403186977503, 9.571528104138736], [9.30929232008458, 9.598940875421135], [9.327155113217941, 9.595750809252479], [9.315334310030437, 9.607220018888825], [9.28975510441461, 9.614358402018695], [9.297289848447804, 9.624849319240752], [9.28458023089297, 9.636112213607817], [9.284290313747022, 9.643897057303377], [9.291357993976305, 9.657724380176035], [9.291179656615896, 9.661577225108886], [9.294490813800053, 9.673307418902311], [9.290555954293893, 9.675063132957291], [9.28783226035057, 9.692317008623093], [9.284633191968283, 9.6980523927038], [9.26715022390374, 9.680388445070719], [9.216561886621832, 9.683967479715477], [9.210313692922625, 9.68736007230956], [9.20388236757725, 9.70346019782994], [9.19813537594689, 9.708473205973746], [9.19507104579219, 9.713823251242104], [9.188660315820982, 9.716506151937438], [9.178281784177045, 9.727993010768898], [9.157622926856618, 9.740824501749387]]]}}, {"type": "Feature", "properties": {"level": 2, "state": "Plateau", "name": "Riyom"}, "geometry": {"type": "Polygon", "coordinates": [[[8.577750939854013, 9.499240867871777], [8.580127737405178, 9.495583885388044], [8.588208848359727, 9.489301288124011], [8.602659774628933, 9.482549712399361], [8.602418900212115, 9.47269439822793], [8.60757064766733, 9.464001655651941], [8.61766147629612, 9.434761047384484], [8.623696327423602, 9.429237366411371], [8.627899169611055, 9.421702384957143], [8.631833075835857, 9.419945716721486], [8.642338752731291, 9.401107787794217], [8.64837455714013, 9.395584105921785], [8.656154632630262, 9.393999100278279], [8.66489028905562, 9.393177032693927], [8.669525145768887, 9.396523475677895], [8.687276840254015, 9.387659073207715], [8.692304492058724, 9.382606523672166], [8.701138652127156, 9.402999666401513], [8.70969139094501, 9.41722087704187], [8.71269646477009, 9.425795139334241], [8.72366077792259, 9.443512817862313], [8.754455519007024, 9.459139687746415], [8.758592116233217, 9.472185389144443], [8.764943389325992, 9.475547948878784], [8.776283458115131, 9.48929333541912], [8.780291511644009, 9.491852912082265], [8.78494706175752, 9.513560467941318], [8.809790052668859, 9.510931790969437], [8.832656837343222, 9.531232924959568], [8.838037453265883, 9.540888550965917], [8.857956742309852, 9.552687245220227], [8.864391324100382, 9.558617685058152], [8.860238843048194, 9.574574706857277], [8.872307252078087, 9.589685505281864], [8.877255536913538, 9.603413327163366], [8.87664036825845, 9.617381685316559], [8.873829401405771, 9.624617652982352], [8.875644643385613, 9.640360176580941], [8.871824264877944, 9.646818161429053], [8.849552155107915, 9.628455161776344], [8.845795631163469, 9.626357079415754], [8.83810424771292, 9.626015662592806], [8.822454453210469, 9.631112099044174], [8.810382842594151, 9.642159461889719], [8.802513122682512, 9.645670890898941], [8.795088767732466, 9.639550209374704], [8.790033340366392, 9.623881340251728], [8.784709930319082, 9.613992691809301], [8.775184631365676, 9.61163902302252], [8.767226219414567, 9.617076873598876], [8.762489319326676, 9.636172294615733], [8.75453090737551, 9.64161014609141], [8.742726326159072, 9.646877289155611], [8.735035895989881, 9.64653587323204], [8.733023643126671, 9.648377418583038], [8.707759856732025, 9.653046607814758], [8.701812744362712, 9.656643868120057], [8.697699546596823, 9.662253380389245], [8.69725418073591, 9.671884536742027], [8.698999405098505, 9.675824166252312], [8.698821067738152, 9.679677010285843], [8.693275730190862, 9.691775051977118], [8.694083842095665, 9.695992199680347], [8.705710410607026, 9.697357178091352], [8.710854530012625, 9.71109962564725], [8.704730987744938, 9.71854972908676], [8.697287559972949, 9.733663559126], [8.709946253416888, 9.736350697426815], [8.70486206033587, 9.743341965859088], [8.710316810072754, 9.746469208087547], [8.71793788722374, 9.742509368112906], [8.724722861970577, 9.744533538791813], [8.739838600371172, 9.750996590420357], [8.743506432276092, 9.755020141966043], [8.75835099090557, 9.76327617555512], [8.75376770941233, 9.78058355908405], [8.726877524278393, 9.772375093335938], [8.725356621410981, 9.767121914944482], [8.68598557567384, 9.768975836765492], [8.678492355138133, 9.7471609890884], [8.660360195266833, 9.74568654699658], [8.635090976967035, 9.757601886018278], [8.633608854664942, 9.754630222007165], [8.616753399349932, 9.744789940003784], [8.615465163686395, 9.742396354807966], [8.610640035609208, 9.74126036717223], [8.598860068837155, 9.727923997694404], [8.601878610909239, 9.706138307836682], [8.601878610909239, 9.690675639768983], [8.599026454207547, 9.67872672815605], [8.581622627382387, 9.675818468147838], [8.580059611062268, 9.67273440237085], [8.585202860823415, 9.664376835322741], [8.57781353896371, 9.65640923679689], [8.570386047178374, 9.640006987632432], [8.565616374895853, 9.624314960067409], [8.566984177178085, 9.613977433012167], [8.565863609318171, 9.596553802216249], [8.555676341889694, 9.581567808107934], [8.553649902221252, 9.568984031787693], [8.556285858305785, 9.553657532768966], [8.568528966039025, 9.519681734024857], [8.57432835307111, 9.513680871874783], [8.577750939854013, 9.499240867871777]]]}}, {"type": "Feature", "properties": {"level": 2, "state": "Benue", "name": "Ohimini"}, "geometry": {"type": "Polygon", "coordinates": [[[7.801155285088385, 7.292601656041654], [7.805253638644558, 7.290614718194718], [7.815486849738363, 7.280016833809896], [7.824522054149554, 7.279891938662104], [7.828330219863801, 7.259449981631406], [7.830632620099379, 7.256308648825154], [7.830939439103872, 7.23595584518614], [7.833369053838794, 7.226844710115301], [7.832478007354212, 7.219878586727418], [7.830319645235477, 7.215784872773725], [7.83022423076369, 7.205966137627172], [7.828251702753903, 7.200580999013937], [7.829205029988202, 7.192816547445773], [7.835675992053439, 7.191639184700648], [7.838618695196658, 7.18880996880506], [7.846407852940104, 7.187064474645865], [7.842872367965469, 7.176536865983621], [7.843375903774984, 7.159417610734181], [7.849211082025874, 7.159669901145094], [7.86850042565419, 7.154456021328372], [7.897530502630616, 7.152608071905036], [7.906338605742121, 7.147362058412341], [7.915555236684895, 7.144871936390814], [7.928154495733452, 7.147033824751247], [7.935037565831067, 7.149942910337074], [7.936896345789762, 7.12474541117183], [7.934814103188387, 7.113212971101802], [7.93831215927878, 7.112579610960324], [7.940019777590692, 7.108954263928183], [7.952696166994542, 7.104682978836479], [7.958412965685852, 7.107717375056836], [7.962198089870014, 7.106251461236013], [7.969512267976825, 7.106286491628339], [8.050308015302733, 7.141095379148453], [8.064892659968336, 7.15224756607239], [8.074839713981646, 7.153758342573497], [8.074571376068207, 7.191356632102952], [8.068512125434268, 7.196506479290633], [8.077003718446917, 7.19988334813803], [8.084586644558044, 7.206542689393643], [8.08919771600182, 7.212718017322686], [8.10198283434039, 7.217944788920931], [8.104581769832862, 7.224688364276631], [8.097822426663697, 7.227435390231108], [8.083340633863202, 7.246066144137274], [8.076392305360628, 7.252571340694885], [8.066302474979295, 7.256996315427671], [8.059572331897641, 7.263403089281212], [8.058778340248239, 7.269707710942157], [8.062537147571334, 7.278157907261686], [8.060299067747849, 7.284730912701491], [8.046263541029646, 7.298930475760869], [8.03875996300195, 7.309988028824534], [8.037234672342322, 7.316315394340052], [8.03736873338039, 7.319624031623789], [8.041331266824557, 7.328254255129821], [8.04469605597825, 7.348208939690835], [8.030835266634313, 7.34006814432945], [8.02088867936908, 7.332110637995584], [8.014477075256877, 7.329847467986326], [8.006919015400285, 7.331406129789116], [7.996125139063963, 7.339955581584888], [7.969600503160734, 7.347957795016271], [7.953995398668781, 7.347055637407777], [7.932284782416843, 7.350651589199515], [7.919487419808604, 7.350060861419649], [7.912341640654233, 7.355751461061118], [7.904701059906017, 7.357355758961148], [7.883346657022628, 7.354490071959276], [7.867933003805149, 7.350075850420183], [7.867308165639372, 7.352594194066853], [7.870999024685261, 7.355186806426047], [7.871451342305647, 7.357103750937426], [7.87022895320365, 7.358942897796567], [7.860489790971144, 7.361398860868803], [7.856198974403185, 7.364161982889243], [7.85463054056703, 7.377397550956232], [7.855320504038104, 7.381045479065676], [7.867016710652706, 7.388387977723028], [7.866942623603222, 7.396163222954442], [7.861761924273424, 7.400285522758736], [7.850814146056052, 7.404034980729818], [7.820145889221465, 7.409861264685674], [7.815919345401539, 7.408826814106249], [7.802960256810479, 7.407888537026395], [7.79218887971308, 7.409864057979917], [7.799378785003, 7.401134003431537], [7.800116631977005, 7.391777473052002], [7.797122582041595, 7.375952186644156], [7.802608319718217, 7.36428830705978], [7.76869506882241, 7.301886573406705], [7.779129505022695, 7.300683022403632], [7.801155285088385, 7.292601656041654]]]}}]}